image_id,file_name,width,height,source_split
9,000000000009.jpg,640,480,train2017
25,000000000025.jpg,640,426,train2017
30,000000000030.jpg,640,428,train2017
34,000000000034.jpg,640,425,train2017
36,000000000036.jpg,481,640,train2017
42,000000000042.jpg,640,478,train2017
49,000000000049.jpg,381,500,train2017
61,000000000061.jpg,640,488,train2017
64,000000000064.jpg,480,640,train2017
71,000000000071.jpg,640,426,train2017
72,000000000072.jpg,427,640,train2017
73,000000000073.jpg,565,640,train2017
74,000000000074.jpg,640,426,train2017
77,000000000077.jpg,500,375,train2017
78,000000000078.jpg,612,612,train2017
81,000000000081.jpg,640,425,train2017
86,000000000086.jpg,512,640,train2017
89,000000000089.jpg,640,480,train2017
92,000000000092.jpg,640,427,train2017
94,000000000094.jpg,640,427,train2017
109,000000000109.jpg,640,416,train2017
110,000000000110.jpg,640,480,train2017
113,000000000113.jpg,416,640,train2017
127,000000000127.jpg,640,481,train2017
133,000000000133.jpg,640,480,train2017
136,000000000136.jpg,500,374,train2017
138,000000000138.jpg,640,573,train2017
142,000000000142.jpg,480,640,train2017
143,000000000143.jpg,600,500,train2017
144,000000000144.jpg,640,480,train2017
149,000000000149.jpg,640,428,train2017
151,000000000151.jpg,480,640,train2017
154,000000000154.jpg,427,640,train2017
164,000000000164.jpg,640,480,train2017
165,000000000165.jpg,640,536,train2017
192,000000000192.jpg,640,480,train2017
194,000000000194.jpg,640,480,train2017
196,000000000196.jpg,640,480,train2017
201,000000000201.jpg,640,428,train2017
208,000000000208.jpg,640,480,train2017
241,000000000241.jpg,480,640,train2017
247,000000000247.jpg,640,424,train2017
250,000000000250.jpg,640,480,train2017
257,000000000257.jpg,640,480,train2017
260,000000000260.jpg,500,333,train2017
263,000000000263.jpg,591,640,train2017
283,000000000283.jpg,428,640,train2017
294,000000000294.jpg,640,427,train2017
307,000000000307.jpg,640,480,train2017
308,000000000308.jpg,640,426,train2017
309,000000000309.jpg,600,600,train2017
312,000000000312.jpg,640,427,train2017
315,000000000315.jpg,640,427,train2017
321,000000000321.jpg,640,480,train2017
322,000000000322.jpg,640,481,train2017
326,000000000326.jpg,640,427,train2017
328,000000000328.jpg,640,491,train2017
332,000000000332.jpg,640,480,train2017
338,000000000338.jpg,640,327,train2017
349,000000000349.jpg,640,480,train2017
357,000000000357.jpg,640,218,train2017
359,000000000359.jpg,500,332,train2017
360,000000000360.jpg,500,375,train2017
368,000000000368.jpg,480,640,train2017
370,000000000370.jpg,480,640,train2017
382,000000000382.jpg,640,480,train2017
384,000000000384.jpg,446,640,train2017
387,000000000387.jpg,640,480,train2017
389,000000000389.jpg,640,480,train2017
394,000000000394.jpg,640,611,train2017
395,000000000395.jpg,640,580,train2017
397,000000000397.jpg,640,480,train2017
400,000000000400.jpg,638,640,train2017
404,000000000404.jpg,426,640,train2017
415,000000000415.jpg,359,640,train2017
419,000000000419.jpg,640,480,train2017
428,000000000428.jpg,640,360,train2017
431,000000000431.jpg,640,389,train2017
436,000000000436.jpg,427,640,train2017
438,000000000438.jpg,640,480,train2017
443,000000000443.jpg,640,480,train2017
446,000000000446.jpg,480,640,train2017
450,000000000450.jpg,640,480,train2017
459,000000000459.jpg,516,640,train2017
471,000000000471.jpg,640,427,train2017
472,000000000472.jpg,640,226,train2017
474,000000000474.jpg,333,500,train2017
486,000000000486.jpg,640,427,train2017
488,000000000488.jpg,640,406,train2017
490,000000000490.jpg,500,495,train2017
491,000000000491.jpg,500,313,train2017
502,000000000502.jpg,640,427,train2017
508,000000000508.jpg,640,480,train2017
510,000000000510.jpg,640,480,train2017
514,000000000514.jpg,360,640,train2017
520,000000000520.jpg,640,480,train2017
529,000000000529.jpg,427,640,train2017
531,000000000531.jpg,640,480,train2017
532,000000000532.jpg,640,480,train2017
536,000000000536.jpg,448,336,train2017
540,000000000540.jpg,640,425,train2017
542,000000000542.jpg,640,484,train2017
544,000000000544.jpg,640,427,train2017
560,000000000560.jpg,460,312,train2017
562,000000000562.jpg,423,640,train2017
564,000000000564.jpg,520,640,train2017
569,000000000569.jpg,640,480,train2017
572,000000000572.jpg,427,640,train2017
575,000000000575.jpg,640,513,train2017
581,000000000581.jpg,473,500,train2017
584,000000000584.jpg,640,426,train2017
589,000000000589.jpg,640,480,train2017
590,000000000590.jpg,409,500,train2017
595,000000000595.jpg,640,480,train2017
597,000000000597.jpg,640,248,train2017
599,000000000599.jpg,640,407,train2017
605,000000000605.jpg,640,480,train2017
612,000000000612.jpg,640,480,train2017
620,000000000620.jpg,480,640,train2017
623,000000000623.jpg,375,500,train2017
625,000000000625.jpg,640,446,train2017
626,000000000626.jpg,640,480,train2017
629,000000000629.jpg,640,427,train2017
634,000000000634.jpg,427,640,train2017
636,000000000636.jpg,480,640,train2017
641,000000000641.jpg,640,428,train2017
643,000000000643.jpg,500,375,train2017
650,000000000650.jpg,640,427,train2017
656,000000000656.jpg,640,472,train2017
659,000000000659.jpg,640,425,train2017
661,000000000661.jpg,500,375,train2017
670,000000000670.jpg,640,427,train2017
671,000000000671.jpg,640,427,train2017
673,000000000673.jpg,640,481,train2017
675,000000000675.jpg,640,480,train2017
681,000000000681.jpg,480,640,train2017
684,000000000684.jpg,612,612,train2017
690,000000000690.jpg,640,480,train2017
692,000000000692.jpg,640,480,train2017
693,000000000693.jpg,640,428,train2017
699,000000000699.jpg,400,267,train2017
706,000000000706.jpg,428,640,train2017
711,000000000711.jpg,640,480,train2017
714,000000000714.jpg,500,333,train2017
715,000000000715.jpg,640,480,train2017
716,000000000716.jpg,640,480,train2017
722,000000000722.jpg,640,457,train2017
723,000000000723.jpg,359,640,train2017
730,000000000730.jpg,640,428,train2017
731,000000000731.jpg,640,480,train2017
735,000000000735.jpg,640,361,train2017
753,000000000753.jpg,426,640,train2017
754,000000000754.jpg,429,640,train2017
757,000000000757.jpg,640,427,train2017
761,000000000761.jpg,640,480,train2017
762,000000000762.jpg,640,427,train2017
764,000000000764.jpg,500,343,train2017
772,000000000772.jpg,640,424,train2017
775,000000000775.jpg,640,427,train2017
781,000000000781.jpg,612,612,train2017
790,000000000790.jpg,640,422,train2017
795,000000000795.jpg,500,332,train2017
797,000000000797.jpg,640,360,train2017
801,000000000801.jpg,640,360,train2017
810,000000000810.jpg,640,480,train2017
813,000000000813.jpg,640,393,train2017
821,000000000821.jpg,512,640,train2017
825,000000000825.jpg,640,480,train2017
827,000000000827.jpg,500,496,train2017
828,000000000828.jpg,640,431,train2017
831,000000000831.jpg,333,500,train2017
836,000000000836.jpg,500,335,train2017
839,000000000839.jpg,640,575,train2017
853,000000000853.jpg,640,480,train2017
873,000000000873.jpg,502,640,train2017
882,000000000882.jpg,640,427,train2017
897,000000000897.jpg,640,427,train2017
901,000000000901.jpg,460,640,train2017
902,000000000902.jpg,640,427,train2017
908,000000000908.jpg,612,612,train2017
909,000000000909.jpg,327,500,train2017
913,000000000913.jpg,640,512,train2017
923,000000000923.jpg,640,485,train2017
925,000000000925.jpg,392,500,train2017
927,000000000927.jpg,612,612,train2017
934,000000000934.jpg,640,480,train2017
939,000000000939.jpg,640,480,train2017
941,000000000941.jpg,500,375,train2017
943,000000000943.jpg,640,360,train2017
955,000000000955.jpg,480,640,train2017
960,000000000960.jpg,427,640,train2017
962,000000000962.jpg,427,640,train2017
965,000000000965.jpg,640,480,train2017
969,000000000969.jpg,425,640,train2017
974,000000000974.jpg,334,500,train2017
977,000000000977.jpg,640,369,train2017
982,000000000982.jpg,480,640,train2017
984,000000000984.jpg,480,640,train2017
985,000000000985.jpg,640,426,train2017
987,000000000987.jpg,640,480,train2017
996,000000000996.jpg,480,640,train2017
999,000000000999.jpg,640,347,train2017
1006,000000001006.jpg,427,640,train2017
1011,000000001011.jpg,640,480,train2017
1014,000000001014.jpg,640,480,train2017
1025,000000001025.jpg,640,427,train2017
1029,000000001029.jpg,443,640,train2017
1036,000000001036.jpg,612,612,train2017
1053,000000001053.jpg,640,419,train2017
1059,000000001059.jpg,640,427,train2017
1063,000000001063.jpg,480,640,train2017
1064,000000001064.jpg,500,335,train2017
1072,000000001072.jpg,640,428,train2017
1083,000000001083.jpg,640,427,train2017
1084,000000001084.jpg,640,480,train2017
1085,000000001085.jpg,640,480,train2017
1089,000000001089.jpg,640,573,train2017
1090,000000001090.jpg,443,640,train2017
1098,000000001098.jpg,640,532,train2017
1099,000000001099.jpg,640,480,train2017
1102,000000001102.jpg,424,640,train2017
1103,000000001103.jpg,640,444,train2017
1107,000000001107.jpg,640,424,train2017
1108,000000001108.jpg,640,453,train2017
1111,000000001111.jpg,640,480,train2017
1122,000000001122.jpg,640,424,train2017
1138,000000001138.jpg,500,375,train2017
1139,000000001139.jpg,427,640,train2017
1144,000000001144.jpg,640,480,train2017
1145,000000001145.jpg,640,480,train2017
1146,000000001146.jpg,427,640,train2017
1149,000000001149.jpg,640,427,train2017
1153,000000001153.jpg,500,375,train2017
1155,000000001155.jpg,500,332,train2017
1164,000000001164.jpg,640,427,train2017
1166,000000001166.jpg,500,274,train2017
1168,000000001168.jpg,640,359,train2017
1171,000000001171.jpg,640,426,train2017
1176,000000001176.jpg,426,640,train2017
1180,000000001180.jpg,426,640,train2017
1183,000000001183.jpg,640,480,train2017
1200,000000001200.jpg,480,640,train2017
1204,000000001204.jpg,480,640,train2017
1205,000000001205.jpg,640,480,train2017
1213,000000001213.jpg,480,640,train2017
1216,000000001216.jpg,640,435,train2017
1224,000000001224.jpg,640,427,train2017
1228,000000001228.jpg,640,480,train2017
1232,000000001232.jpg,640,463,train2017
1237,000000001237.jpg,640,522,train2017
1238,000000001238.jpg,640,335,train2017
1244,000000001244.jpg,640,479,train2017
1261,000000001261.jpg,640,480,train2017
1264,000000001264.jpg,640,480,train2017
1270,000000001270.jpg,640,480,train2017
1271,000000001271.jpg,640,492,train2017
1282,000000001282.jpg,426,640,train2017
1290,000000001290.jpg,640,540,train2017
1292,000000001292.jpg,640,427,train2017
1295,000000001295.jpg,480,640,train2017
1298,000000001298.jpg,640,428,train2017
1306,000000001306.jpg,500,333,train2017
1307,000000001307.jpg,480,640,train2017
1308,000000001308.jpg,640,426,train2017
1311,000000001311.jpg,640,482,train2017
1315,000000001315.jpg,480,640,train2017
1319,000000001319.jpg,518,600,train2017
1323,000000001323.jpg,640,480,train2017
1330,000000001330.jpg,480,640,train2017
1332,000000001332.jpg,640,419,train2017
1340,000000001340.jpg,500,375,train2017
1342,000000001342.jpg,640,480,train2017
1347,000000001347.jpg,500,375,train2017
1350,000000001350.jpg,640,498,train2017
1355,000000001355.jpg,640,480,train2017
1359,000000001359.jpg,427,640,train2017
1360,000000001360.jpg,612,612,train2017
1366,000000001366.jpg,500,374,train2017
1369,000000001369.jpg,640,480,train2017
1374,000000001374.jpg,640,425,train2017
1375,000000001375.jpg,640,428,train2017
1381,000000001381.jpg,640,463,train2017
1386,000000001386.jpg,640,480,train2017
1390,000000001390.jpg,640,480,train2017
1392,000000001392.jpg,480,640,train2017
1393,000000001393.jpg,437,640,train2017
1397,000000001397.jpg,640,427,train2017
1398,000000001398.jpg,407,482,train2017
1401,000000001401.jpg,354,500,train2017
1403,000000001403.jpg,640,480,train2017
1404,000000001404.jpg,478,640,train2017
1407,000000001407.jpg,428,640,train2017
1408,000000001408.jpg,640,428,train2017
1424,000000001424.jpg,640,480,train2017
1431,000000001431.jpg,640,428,train2017
1436,000000001436.jpg,500,375,train2017
1442,000000001442.jpg,640,480,train2017
1448,000000001448.jpg,500,375,train2017
1451,000000001451.jpg,640,428,train2017
1453,000000001453.jpg,600,464,train2017
1455,000000001455.jpg,500,375,train2017
1464,000000001464.jpg,640,427,train2017
1472,000000001472.jpg,640,463,train2017
1488,000000001488.jpg,640,427,train2017
1496,000000001496.jpg,612,612,train2017
1497,000000001497.jpg,424,640,train2017
1501,000000001501.jpg,427,640,train2017
1505,000000001505.jpg,427,640,train2017
1507,000000001507.jpg,612,612,train2017
1510,000000001510.jpg,640,480,train2017
1515,000000001515.jpg,640,425,train2017
1518,000000001518.jpg,640,480,train2017
1522,000000001522.jpg,500,375,train2017
1523,000000001523.jpg,640,480,train2017
1525,000000001525.jpg,640,371,train2017
1526,000000001526.jpg,480,640,train2017
1527,000000001527.jpg,640,480,train2017
1536,000000001536.jpg,640,480,train2017
1548,000000001548.jpg,640,427,train2017
1554,000000001554.jpg,640,427,train2017
1558,000000001558.jpg,640,480,train2017
1561,000000001561.jpg,640,480,train2017
1562,000000001562.jpg,500,337,train2017
1563,000000001563.jpg,435,640,train2017
1569,000000001569.jpg,500,335,train2017
1573,000000001573.jpg,640,480,train2017
1577,000000001577.jpg,424,640,train2017
1579,000000001579.jpg,640,258,train2017
1580,000000001580.jpg,640,480,train2017
1586,000000001586.jpg,640,425,train2017
1589,000000001589.jpg,640,562,train2017
1590,000000001590.jpg,480,640,train2017
1591,000000001591.jpg,640,640,train2017
1592,000000001592.jpg,425,640,train2017
1596,000000001596.jpg,500,419,train2017
1599,000000001599.jpg,640,480,train2017
1611,000000001611.jpg,640,427,train2017
1622,000000001622.jpg,333,500,train2017
1625,000000001625.jpg,482,500,train2017
1626,000000001626.jpg,500,375,train2017
1637,000000001637.jpg,640,427,train2017
1639,000000001639.jpg,640,427,train2017
1645,000000001645.jpg,612,612,train2017
1647,000000001647.jpg,480,304,train2017
1655,000000001655.jpg,640,428,train2017
1667,000000001667.jpg,424,640,train2017
1668,000000001668.jpg,640,480,train2017
1670,000000001670.jpg,640,480,train2017
1674,000000001674.jpg,640,480,train2017
1681,000000001681.jpg,500,333,train2017
1682,000000001682.jpg,640,427,train2017
1688,000000001688.jpg,640,640,train2017
1697,000000001697.jpg,500,375,train2017
1700,000000001700.jpg,640,480,train2017
1706,000000001706.jpg,640,518,train2017
1709,000000001709.jpg,640,480,train2017
1712,000000001712.jpg,640,425,train2017
1720,000000001720.jpg,640,426,train2017
1722,000000001722.jpg,640,428,train2017
1732,000000001732.jpg,640,494,train2017
1737,000000001737.jpg,640,427,train2017
1739,000000001739.jpg,640,453,train2017
1756,000000001756.jpg,640,480,train2017
1757,000000001757.jpg,523,640,train2017
1762,000000001762.jpg,480,640,train2017
1764,000000001764.jpg,500,375,train2017
1771,000000001771.jpg,640,427,train2017
1774,000000001774.jpg,640,424,train2017
1777,000000001777.jpg,640,480,train2017
1779,000000001779.jpg,500,375,train2017
1781,000000001781.jpg,640,480,train2017
1785,000000001785.jpg,640,480,train2017
1786,000000001786.jpg,640,278,train2017
1790,000000001790.jpg,458,640,train2017
1792,000000001792.jpg,640,430,train2017
1799,000000001799.jpg,640,480,train2017
1803,000000001803.jpg,500,500,train2017
1804,000000001804.jpg,640,480,train2017
1810,000000001810.jpg,500,500,train2017
1811,000000001811.jpg,640,640,train2017
1813,000000001813.jpg,375,500,train2017
1815,000000001815.jpg,564,640,train2017
1822,000000001822.jpg,640,480,train2017
1837,000000001837.jpg,500,353,train2017
1840,000000001840.jpg,640,427,train2017
1841,000000001841.jpg,500,363,train2017
1852,000000001852.jpg,427,640,train2017
1856,000000001856.jpg,640,427,train2017
1864,000000001864.jpg,640,413,train2017
1869,000000001869.jpg,640,424,train2017
1875,000000001875.jpg,473,640,train2017
1877,000000001877.jpg,640,480,train2017
1888,000000001888.jpg,640,427,train2017
1895,000000001895.jpg,500,375,train2017
1900,000000001900.jpg,640,233,train2017
1902,000000001902.jpg,550,640,train2017
1903,000000001903.jpg,500,375,train2017
1906,000000001906.jpg,500,333,train2017
1907,000000001907.jpg,640,427,train2017
1911,000000001911.jpg,640,332,train2017
1912,000000001912.jpg,640,425,train2017
1915,000000001915.jpg,640,426,train2017
1924,000000001924.jpg,640,544,train2017
1926,000000001926.jpg,640,480,train2017
1941,000000001941.jpg,640,453,train2017
1942,000000001942.jpg,640,640,train2017
1943,000000001943.jpg,480,252,train2017
1947,000000001947.jpg,500,375,train2017
1948,000000001948.jpg,383,640,train2017
1955,000000001955.jpg,427,640,train2017
1958,000000001958.jpg,640,480,train2017
1960,000000001960.jpg,427,640,train2017
1966,000000001966.jpg,640,480,train2017
1987,000000001987.jpg,500,375,train2017
1994,000000001994.jpg,640,480,train2017
1997,000000001997.jpg,640,427,train2017
1999,000000001999.jpg,640,429,train2017
2001,000000002001.jpg,640,426,train2017
2007,000000002007.jpg,640,480,train2017
2014,000000002014.jpg,640,427,train2017
2024,000000002024.jpg,640,480,train2017
2055,000000002055.jpg,480,640,train2017
2056,000000002056.jpg,640,425,train2017
2061,000000002061.jpg,360,270,train2017
2066,000000002066.jpg,375,500,train2017
2068,000000002068.jpg,640,480,train2017
2072,000000002072.jpg,640,427,train2017
2083,000000002083.jpg,640,428,train2017
2089,000000002089.jpg,640,462,train2017
2093,000000002093.jpg,640,480,train2017
2106,000000002106.jpg,428,640,train2017
2114,000000002114.jpg,640,427,train2017
2124,000000002124.jpg,640,480,train2017
2135,000000002135.jpg,480,640,train2017
2139,000000002139.jpg,640,427,train2017
2142,000000002142.jpg,500,388,train2017
2148,000000002148.jpg,427,640,train2017
2150,000000002150.jpg,501,640,train2017
2154,000000002154.jpg,640,480,train2017
2164,000000002164.jpg,640,425,train2017
2171,000000002171.jpg,640,427,train2017
2178,000000002178.jpg,482,640,train2017
2179,000000002179.jpg,640,480,train2017
2184,000000002184.jpg,640,427,train2017
2191,000000002191.jpg,640,323,train2017
2193,000000002193.jpg,500,333,train2017
2197,000000002197.jpg,640,480,train2017
2209,000000002209.jpg,500,299,train2017
2211,000000002211.jpg,640,463,train2017
2212,000000002212.jpg,640,426,train2017
2217,000000002217.jpg,640,480,train2017
2225,000000002225.jpg,500,375,train2017
2229,000000002229.jpg,640,427,train2017
2232,000000002232.jpg,640,480,train2017
2235,000000002235.jpg,640,427,train2017
2239,000000002239.jpg,640,424,train2017
2240,000000002240.jpg,600,600,train2017
2244,000000002244.jpg,640,480,train2017
2255,000000002255.jpg,640,427,train2017
2258,000000002258.jpg,640,480,train2017
2270,000000002270.jpg,640,480,train2017
2276,000000002276.jpg,375,500,train2017
2278,000000002278.jpg,426,640,train2017
2279,000000002279.jpg,500,333,train2017
2280,000000002280.jpg,640,345,train2017
2281,000000002281.jpg,640,480,train2017
2283,000000002283.jpg,640,580,train2017
2284,000000002284.jpg,640,480,train2017
2290,000000002290.jpg,480,640,train2017
2295,000000002295.jpg,640,457,train2017
2296,000000002296.jpg,428,640,train2017
2302,000000002302.jpg,640,480,train2017
2309,000000002309.jpg,640,427,train2017
2315,000000002315.jpg,640,480,train2017
2337,000000002337.jpg,333,500,train2017
2342,000000002342.jpg,640,480,train2017
2346,000000002346.jpg,640,480,train2017
2347,000000002347.jpg,640,480,train2017
2349,000000002349.jpg,640,626,train2017
2369,000000002369.jpg,640,428,train2017
2372,000000002372.jpg,640,427,train2017
2374,000000002374.jpg,640,480,train2017
2377,000000002377.jpg,640,427,train2017
2388,000000002388.jpg,500,375,train2017
2389,000000002389.jpg,400,500,train2017
2400,000000002400.jpg,640,427,train2017
2402,000000002402.jpg,500,375,train2017
2411,000000002411.jpg,640,478,train2017
2415,000000002415.jpg,640,480,train2017
2429,000000002429.jpg,640,480,train2017
2434,000000002434.jpg,640,480,train2017
2444,000000002444.jpg,640,427,train2017
2445,000000002445.jpg,640,427,train2017
2446,000000002446.jpg,640,427,train2017
2448,000000002448.jpg,640,480,train2017
2451,000000002451.jpg,500,500,train2017
2453,000000002453.jpg,640,360,train2017
2459,000000002459.jpg,640,427,train2017
2466,000000002466.jpg,640,360,train2017
2470,000000002470.jpg,637,640,train2017
2471,000000002471.jpg,481,640,train2017
2477,000000002477.jpg,500,364,train2017
2495,000000002495.jpg,612,612,train2017
2496,000000002496.jpg,427,640,train2017
2498,000000002498.jpg,640,426,train2017
2521,000000002521.jpg,500,375,train2017
2525,000000002525.jpg,640,427,train2017
2529,000000002529.jpg,375,500,train2017
2531,000000002531.jpg,427,640,train2017
2536,000000002536.jpg,640,427,train2017
2543,000000002543.jpg,640,428,train2017
2544,000000002544.jpg,480,640,train2017
2545,000000002545.jpg,640,454,train2017
2555,000000002555.jpg,609,609,train2017
2559,000000002559.jpg,425,640,train2017
2560,000000002560.jpg,426,640,train2017
2562,000000002562.jpg,640,427,train2017
2563,000000002563.jpg,424,640,train2017
2567,000000002567.jpg,427,640,train2017
2570,000000002570.jpg,640,480,train2017
2575,000000002575.jpg,640,427,train2017
2583,000000002583.jpg,332,500,train2017
2585,000000002585.jpg,640,478,train2017
2591,000000002591.jpg,427,640,train2017
2602,000000002602.jpg,427,640,train2017
2606,000000002606.jpg,427,640,train2017
2608,000000002608.jpg,640,480,train2017
2613,000000002613.jpg,640,427,train2017
2614,000000002614.jpg,640,427,train2017
2618,000000002618.jpg,640,480,train2017
2619,000000002619.jpg,640,427,train2017
2621,000000002621.jpg,500,375,train2017
2623,000000002623.jpg,640,427,train2017
2624,000000002624.jpg,427,640,train2017
2639,000000002639.jpg,640,376,train2017
2640,000000002640.jpg,640,480,train2017
2644,000000002644.jpg,640,443,train2017
2645,000000002645.jpg,640,480,train2017
2658,000000002658.jpg,640,429,train2017
2664,000000002664.jpg,640,480,train2017
2672,000000002672.jpg,640,428,train2017
2684,000000002684.jpg,640,480,train2017
2686,000000002686.jpg,640,640,train2017
2687,000000002687.jpg,640,323,train2017
2690,000000002690.jpg,640,427,train2017
2691,000000002691.jpg,640,480,train2017
2693,000000002693.jpg,320,240,train2017
2697,000000002697.jpg,640,480,train2017
2703,000000002703.jpg,511,640,train2017
2732,000000002732.jpg,640,408,train2017
2742,000000002742.jpg,640,480,train2017
2752,000000002752.jpg,500,375,train2017
2753,000000002753.jpg,640,427,train2017
2754,000000002754.jpg,640,480,train2017
2755,000000002755.jpg,500,297,train2017
2758,000000002758.jpg,549,640,train2017
2759,000000002759.jpg,640,426,train2017
2764,000000002764.jpg,640,479,train2017
2770,000000002770.jpg,500,358,train2017
2774,000000002774.jpg,536,640,train2017
2776,000000002776.jpg,480,640,train2017
2782,000000002782.jpg,640,480,train2017
2822,000000002822.jpg,640,480,train2017
2823,000000002823.jpg,640,383,train2017
2833,000000002833.jpg,640,427,train2017
2839,000000002839.jpg,640,480,train2017
2842,000000002842.jpg,640,480,train2017
2843,000000002843.jpg,640,428,train2017
2849,000000002849.jpg,640,480,train2017
2860,000000002860.jpg,640,480,train2017
2867,000000002867.jpg,640,428,train2017
2881,000000002881.jpg,640,484,train2017
2886,000000002886.jpg,640,482,train2017
2890,000000002890.jpg,640,491,train2017
2892,000000002892.jpg,640,426,train2017
2894,000000002894.jpg,427,640,train2017
2896,000000002896.jpg,640,427,train2017
2902,000000002902.jpg,640,427,train2017
2907,000000002907.jpg,425,640,train2017
2931,000000002931.jpg,500,492,train2017
2951,000000002951.jpg,640,512,train2017
2963,000000002963.jpg,426,640,train2017
2964,000000002964.jpg,640,383,train2017
2972,000000002972.jpg,640,480,train2017
2982,000000002982.jpg,612,612,train2017
2983,000000002983.jpg,640,427,train2017
2985,000000002985.jpg,640,507,train2017
2988,000000002988.jpg,500,375,train2017
2989,000000002989.jpg,640,423,train2017
2992,000000002992.jpg,427,640,train2017
2998,000000002998.jpg,640,463,train2017
3000,000000003000.jpg,480,640,train2017
3001,000000003001.jpg,640,480,train2017
3003,000000003003.jpg,640,426,train2017
3008,000000003008.jpg,640,427,train2017
3014,000000003014.jpg,375,500,train2017
3035,000000003035.jpg,640,425,train2017
3040,000000003040.jpg,640,512,train2017
3048,000000003048.jpg,480,640,train2017
3067,000000003067.jpg,640,480,train2017
3076,000000003076.jpg,640,427,train2017
3077,000000003077.jpg,455,640,train2017
3080,000000003080.jpg,424,640,train2017
3084,000000003084.jpg,640,480,train2017
3091,000000003091.jpg,640,480,train2017
3093,000000003093.jpg,640,480,train2017
3103,000000003103.jpg,400,338,train2017
3109,000000003109.jpg,480,640,train2017
3118,000000003118.jpg,533,640,train2017
3124,000000003124.jpg,640,519,train2017
3125,000000003125.jpg,640,364,train2017
3131,000000003131.jpg,640,421,train2017
3134,000000003134.jpg,640,428,train2017
3145,000000003145.jpg,640,427,train2017
3148,000000003148.jpg,500,375,train2017
3149,000000003149.jpg,464,640,train2017
3157,000000003157.jpg,640,427,train2017
3160,000000003160.jpg,640,427,train2017
3178,000000003178.jpg,640,443,train2017
3192,000000003192.jpg,640,480,train2017
3197,000000003197.jpg,640,459,train2017
3209,000000003209.jpg,640,640,train2017
3217,000000003217.jpg,480,640,train2017
3219,000000003219.jpg,640,480,train2017
3220,000000003220.jpg,640,480,train2017
3224,000000003224.jpg,427,640,train2017
3225,000000003225.jpg,434,640,train2017
3234,000000003234.jpg,500,335,train2017
3236,000000003236.jpg,640,368,train2017
3242,000000003242.jpg,612,612,train2017
3244,000000003244.jpg,640,338,train2017
3249,000000003249.jpg,640,427,train2017
3259,000000003259.jpg,640,479,train2017
3264,000000003264.jpg,640,427,train2017
3270,000000003270.jpg,640,480,train2017
3272,000000003272.jpg,640,429,train2017
3276,000000003276.jpg,640,480,train2017
3286,000000003286.jpg,482,640,train2017
3293,000000003293.jpg,512,640,train2017
3305,000000003305.jpg,640,448,train2017
3310,000000003310.jpg,480,640,train2017
3314,000000003314.jpg,640,408,train2017
3320,000000003320.jpg,640,480,train2017
3321,000000003321.jpg,640,480,train2017
3325,000000003325.jpg,640,480,train2017
3326,000000003326.jpg,640,480,train2017
3335,000000003335.jpg,480,640,train2017
3337,000000003337.jpg,640,427,train2017
3342,000000003342.jpg,640,395,train2017
3348,000000003348.jpg,612,612,train2017
3353,000000003353.jpg,640,426,train2017
3361,000000003361.jpg,500,392,train2017
3365,000000003365.jpg,640,427,train2017
3366,000000003366.jpg,640,480,train2017
3375,000000003375.jpg,640,426,train2017
3378,000000003378.jpg,427,640,train2017
3382,000000003382.jpg,640,390,train2017
3386,000000003386.jpg,640,640,train2017
3389,000000003389.jpg,640,512,train2017
3398,000000003398.jpg,640,427,train2017
3412,000000003412.jpg,427,640,train2017
3425,000000003425.jpg,640,427,train2017
3432,000000003432.jpg,612,612,train2017
3442,000000003442.jpg,640,427,train2017
3457,000000003457.jpg,640,480,train2017
3461,000000003461.jpg,640,505,train2017
3464,000000003464.jpg,427,640,train2017
3466,000000003466.jpg,500,375,train2017
3474,000000003474.jpg,427,640,train2017
3478,000000003478.jpg,640,480,train2017
3480,000000003480.jpg,640,427,train2017
3481,000000003481.jpg,500,316,train2017
3483,000000003483.jpg,640,482,train2017
3488,000000003488.jpg,500,333,train2017
3493,000000003493.jpg,362,500,train2017
3511,000000003511.jpg,500,500,train2017
3514,000000003514.jpg,640,569,train2017
3517,000000003517.jpg,640,638,train2017
3518,000000003518.jpg,640,427,train2017
3521,000000003521.jpg,480,640,train2017
3528,000000003528.jpg,427,640,train2017
3532,000000003532.jpg,640,427,train2017
3535,000000003535.jpg,640,480,train2017
3538,000000003538.jpg,640,480,train2017
3579,000000003579.jpg,640,480,train2017
3580,000000003580.jpg,640,480,train2017
3590,000000003590.jpg,640,480,train2017
3595,000000003595.jpg,491,640,train2017
3602,000000003602.jpg,640,425,train2017
3613,000000003613.jpg,480,640,train2017
3623,000000003623.jpg,500,443,train2017
3628,000000003628.jpg,640,480,train2017
3637,000000003637.jpg,640,427,train2017
3640,000000003640.jpg,480,640,train2017
3668,000000003668.jpg,640,480,train2017
3671,000000003671.jpg,640,480,train2017
3682,000000003682.jpg,640,480,train2017
3685,000000003685.jpg,640,427,train2017
3690,000000003690.jpg,640,480,train2017
3692,000000003692.jpg,478,640,train2017
3693,000000003693.jpg,640,428,train2017
3694,000000003694.jpg,640,211,train2017
3703,000000003703.jpg,640,427,train2017
3711,000000003711.jpg,480,640,train2017
3713,000000003713.jpg,640,480,train2017
3716,000000003716.jpg,640,480,train2017
3729,000000003729.jpg,640,480,train2017
3735,000000003735.jpg,640,427,train2017
3737,000000003737.jpg,500,333,train2017
3742,000000003742.jpg,640,480,train2017
3745,000000003745.jpg,400,500,train2017
3751,000000003751.jpg,480,640,train2017
3761,000000003761.jpg,640,464,train2017
3764,000000003764.jpg,640,480,train2017
3770,000000003770.jpg,516,640,train2017
3771,000000003771.jpg,640,457,train2017
3779,000000003779.jpg,640,480,train2017
3782,000000003782.jpg,640,480,train2017
3786,000000003786.jpg,640,480,train2017
3789,000000003789.jpg,500,333,train2017
3793,000000003793.jpg,640,428,train2017
3794,000000003794.jpg,640,480,train2017
3799,000000003799.jpg,480,640,train2017
3804,000000003804.jpg,640,409,train2017
3812,000000003812.jpg,350,233,train2017
3817,000000003817.jpg,640,425,train2017
3823,000000003823.jpg,640,374,train2017
3827,000000003827.jpg,640,401,train2017
3830,000000003830.jpg,386,500,train2017
3832,000000003832.jpg,640,426,train2017
3837,000000003837.jpg,640,360,train2017
3849,000000003849.jpg,640,480,train2017
3860,000000003860.jpg,640,480,train2017
3862,000000003862.jpg,640,425,train2017
3865,000000003865.jpg,640,426,train2017
3866,000000003866.jpg,640,426,train2017
3867,000000003867.jpg,500,318,train2017
3870,000000003870.jpg,640,480,train2017
3877,000000003877.jpg,640,480,train2017
3897,000000003897.jpg,640,480,train2017
3899,000000003899.jpg,640,426,train2017
3911,000000003911.jpg,640,480,train2017
3915,000000003915.jpg,640,480,train2017
3917,000000003917.jpg,640,480,train2017
3920,000000003920.jpg,640,428,train2017
3926,000000003926.jpg,640,428,train2017
3932,000000003932.jpg,640,480,train2017
3935,000000003935.jpg,640,554,train2017
3938,000000003938.jpg,480,640,train2017
3939,000000003939.jpg,347,500,train2017
3941,000000003941.jpg,640,480,train2017
3947,000000003947.jpg,612,612,train2017
3964,000000003964.jpg,640,425,train2017
3967,000000003967.jpg,427,640,train2017
3982,000000003982.jpg,640,426,train2017
3983,000000003983.jpg,640,480,train2017
3988,000000003988.jpg,483,640,train2017
3992,000000003992.jpg,640,480,train2017
3995,000000003995.jpg,640,480,train2017
3999,000000003999.jpg,640,429,train2017
4011,000000004011.jpg,640,542,train2017
4020,000000004020.jpg,425,640,train2017
4021,000000004021.jpg,640,412,train2017
4032,000000004032.jpg,640,133,train2017
4038,000000004038.jpg,333,500,train2017
4042,000000004042.jpg,640,424,train2017
4051,000000004051.jpg,480,640,train2017
4057,000000004057.jpg,640,480,train2017
4065,000000004065.jpg,640,480,train2017
4066,000000004066.jpg,640,427,train2017
4068,000000004068.jpg,640,480,train2017
4069,000000004069.jpg,500,378,train2017
4079,000000004079.jpg,425,640,train2017
4080,000000004080.jpg,458,640,train2017
4092,000000004092.jpg,512,640,train2017
4093,000000004093.jpg,399,640,train2017
4108,000000004108.jpg,480,640,train2017
4125,000000004125.jpg,640,425,train2017
4129,000000004129.jpg,428,640,train2017
4130,000000004130.jpg,640,361,train2017
4131,000000004131.jpg,370,640,train2017
4132,000000004132.jpg,360,480,train2017
4138,000000004138.jpg,640,386,train2017
4139,000000004139.jpg,640,426,train2017
4140,000000004140.jpg,640,480,train2017
4157,000000004157.jpg,612,612,train2017
4159,000000004159.jpg,640,480,train2017
4172,000000004172.jpg,640,427,train2017
4173,000000004173.jpg,640,427,train2017
4175,000000004175.jpg,640,481,train2017
4180,000000004180.jpg,640,480,train2017
4187,000000004187.jpg,640,427,train2017
4189,000000004189.jpg,500,375,train2017
4201,000000004201.jpg,640,427,train2017
4208,000000004208.jpg,640,572,train2017
4211,000000004211.jpg,427,640,train2017
4212,000000004212.jpg,640,419,train2017
4219,000000004219.jpg,640,481,train2017
4227,000000004227.jpg,428,640,train2017
4229,000000004229.jpg,640,427,train2017
4239,000000004239.jpg,640,414,train2017
4243,000000004243.jpg,640,453,train2017
4244,000000004244.jpg,612,612,train2017
4245,000000004245.jpg,640,480,train2017
4246,000000004246.jpg,425,640,train2017
4256,000000004256.jpg,640,479,train2017
4259,000000004259.jpg,640,457,train2017
4260,000000004260.jpg,640,480,train2017
4265,000000004265.jpg,640,480,train2017
4266,000000004266.jpg,640,480,train2017
4275,000000004275.jpg,457,640,train2017
4278,000000004278.jpg,640,480,train2017
4282,000000004282.jpg,500,375,train2017
4283,000000004283.jpg,640,415,train2017
4286,000000004286.jpg,512,640,train2017
4289,000000004289.jpg,428,640,train2017
4296,000000004296.jpg,640,480,train2017
4308,000000004308.jpg,429,640,train2017
4309,000000004309.jpg,480,640,train2017
4312,000000004312.jpg,480,640,train2017
4318,000000004318.jpg,640,480,train2017
4319,000000004319.jpg,640,427,train2017
4322,000000004322.jpg,640,480,train2017
4331,000000004331.jpg,640,480,train2017
4338,000000004338.jpg,640,443,train2017
4355,000000004355.jpg,640,427,train2017
4359,000000004359.jpg,640,497,train2017
4360,000000004360.jpg,640,428,train2017
4375,000000004375.jpg,500,333,train2017
4376,000000004376.jpg,640,424,train2017
4377,000000004377.jpg,640,376,train2017
4385,000000004385.jpg,640,480,train2017
4386,000000004386.jpg,427,640,train2017
4392,000000004392.jpg,640,319,train2017
4394,000000004394.jpg,640,480,train2017
4396,000000004396.jpg,427,640,train2017
4404,000000004404.jpg,640,640,train2017
4410,000000004410.jpg,640,478,train2017
4415,000000004415.jpg,480,640,train2017
4421,000000004421.jpg,640,480,train2017
4424,000000004424.jpg,438,640,train2017
4426,000000004426.jpg,480,640,train2017
4428,000000004428.jpg,429,640,train2017
4438,000000004438.jpg,480,640,train2017
4441,000000004441.jpg,640,438,train2017
4442,000000004442.jpg,640,427,train2017
4444,000000004444.jpg,640,427,train2017
4462,000000004462.jpg,640,480,train2017
4463,000000004463.jpg,640,480,train2017
4471,000000004471.jpg,425,640,train2017
4477,000000004477.jpg,640,506,train2017
4478,000000004478.jpg,640,426,train2017
4481,000000004481.jpg,480,640,train2017
4488,000000004488.jpg,640,480,train2017
4489,000000004489.jpg,640,427,train2017
4490,000000004490.jpg,427,640,train2017
4497,000000004497.jpg,640,400,train2017
4498,000000004498.jpg,468,640,train2017
4502,000000004502.jpg,640,481,train2017
4508,000000004508.jpg,640,480,train2017
4509,000000004509.jpg,425,640,train2017
4517,000000004517.jpg,640,427,train2017
4527,000000004527.jpg,500,334,train2017
4535,000000004535.jpg,640,426,train2017
4537,000000004537.jpg,375,500,train2017
4546,000000004546.jpg,640,480,train2017
4549,000000004549.jpg,640,425,train2017
4551,000000004551.jpg,640,478,train2017
4554,000000004554.jpg,332,500,train2017
4555,000000004555.jpg,640,425,train2017
4567,000000004567.jpg,500,331,train2017
4571,000000004571.jpg,640,512,train2017
4574,000000004574.jpg,480,640,train2017
4575,000000004575.jpg,640,480,train2017
4576,000000004576.jpg,640,424,train2017
4578,000000004578.jpg,640,480,train2017
4579,000000004579.jpg,640,427,train2017
4587,000000004587.jpg,640,480,train2017
4592,000000004592.jpg,640,424,train2017
4595,000000004595.jpg,640,480,train2017
4608,000000004608.jpg,640,480,train2017
4616,000000004616.jpg,640,480,train2017
4620,000000004620.jpg,640,493,train2017
4622,000000004622.jpg,640,480,train2017
4624,000000004624.jpg,640,360,train2017
4642,000000004642.jpg,640,640,train2017
4647,000000004647.jpg,640,458,train2017
4662,000000004662.jpg,640,480,train2017
4665,000000004665.jpg,640,485,train2017
4673,000000004673.jpg,640,507,train2017
4678,000000004678.jpg,333,500,train2017
4684,000000004684.jpg,640,480,train2017
4688,000000004688.jpg,640,426,train2017
4694,000000004694.jpg,640,480,train2017
4700,000000004700.jpg,640,427,train2017
4702,000000004702.jpg,526,640,train2017
4704,000000004704.jpg,427,640,train2017
4705,000000004705.jpg,640,480,train2017
4706,000000004706.jpg,640,480,train2017
4711,000000004711.jpg,429,640,train2017
4714,000000004714.jpg,640,480,train2017
4716,000000004716.jpg,427,640,train2017
4719,000000004719.jpg,500,375,train2017
4731,000000004731.jpg,640,425,train2017
4736,000000004736.jpg,640,426,train2017
4739,000000004739.jpg,640,428,train2017
4741,000000004741.jpg,640,640,train2017
4742,000000004742.jpg,640,426,train2017
4749,000000004749.jpg,640,429,train2017
4754,000000004754.jpg,640,427,train2017
4760,000000004760.jpg,480,640,train2017
4761,000000004761.jpg,640,480,train2017
4762,000000004762.jpg,640,415,train2017
4764,000000004764.jpg,640,364,train2017
4772,000000004772.jpg,640,399,train2017
4785,000000004785.jpg,640,480,train2017
4794,000000004794.jpg,640,480,train2017
4796,000000004796.jpg,612,612,train2017
4809,000000004809.jpg,427,640,train2017
4820,000000004820.jpg,640,480,train2017
4823,000000004823.jpg,640,480,train2017
4827,000000004827.jpg,478,640,train2017
4830,000000004830.jpg,640,480,train2017
4834,000000004834.jpg,640,565,train2017
4840,000000004840.jpg,640,417,train2017
4843,000000004843.jpg,480,640,train2017
4844,000000004844.jpg,374,500,train2017
4859,000000004859.jpg,500,331,train2017
4876,000000004876.jpg,640,427,train2017
4880,000000004880.jpg,424,640,train2017
4885,000000004885.jpg,640,350,train2017
4888,000000004888.jpg,640,424,train2017
4891,000000004891.jpg,612,612,train2017
4893,000000004893.jpg,640,427,train2017
4901,000000004901.jpg,640,427,train2017
4903,000000004903.jpg,640,427,train2017
4904,000000004904.jpg,612,612,train2017
4916,000000004916.jpg,500,400,train2017
4920,000000004920.jpg,640,472,train2017
4931,000000004931.jpg,500,375,train2017
4936,000000004936.jpg,640,421,train2017
4947,000000004947.jpg,640,480,train2017
4956,000000004956.jpg,640,480,train2017
4963,000000004963.jpg,480,640,train2017
4968,000000004968.jpg,640,480,train2017
4970,000000004970.jpg,640,426,train2017
4971,000000004971.jpg,640,480,train2017
4972,000000004972.jpg,640,321,train2017
4975,000000004975.jpg,640,480,train2017
4978,000000004978.jpg,375,500,train2017
4979,000000004979.jpg,427,640,train2017
4980,000000004980.jpg,427,640,train2017
4981,000000004981.jpg,640,438,train2017
4984,000000004984.jpg,640,480,train2017
4988,000000004988.jpg,640,480,train2017
4993,000000004993.jpg,640,494,train2017
5005,000000005005.jpg,640,426,train2017
5010,000000005010.jpg,428,640,train2017
5011,000000005011.jpg,640,480,train2017
5016,000000005016.jpg,500,366,train2017
5018,000000005018.jpg,640,480,train2017
5021,000000005021.jpg,500,375,train2017
5028,000000005028.jpg,640,480,train2017
5032,000000005032.jpg,640,480,train2017
5033,000000005033.jpg,428,640,train2017
5038,000000005038.jpg,640,480,train2017
5046,000000005046.jpg,640,519,train2017
5064,000000005064.jpg,640,427,train2017
5073,000000005073.jpg,640,426,train2017
5076,000000005076.jpg,414,640,train2017
5083,000000005083.jpg,640,480,train2017
5085,000000005085.jpg,480,640,train2017
5086,000000005086.jpg,640,480,train2017
5088,000000005088.jpg,640,425,train2017
5094,000000005094.jpg,640,425,train2017
5095,000000005095.jpg,640,478,train2017
5099,000000005099.jpg,640,424,train2017
5105,000000005105.jpg,640,480,train2017
5107,000000005107.jpg,640,480,train2017
5111,000000005111.jpg,480,640,train2017
5113,000000005113.jpg,478,640,train2017
5115,000000005115.jpg,640,480,train2017
5123,000000005123.jpg,640,425,train2017
5124,000000005124.jpg,558,640,train2017
5131,000000005131.jpg,640,427,train2017
5139,000000005139.jpg,640,444,train2017
5140,000000005140.jpg,480,640,train2017
5142,000000005142.jpg,640,481,train2017
5146,000000005146.jpg,640,424,train2017
5151,000000005151.jpg,640,480,train2017
5152,000000005152.jpg,640,385,train2017
5154,000000005154.jpg,640,480,train2017
5156,000000005156.jpg,640,480,train2017
5165,000000005165.jpg,427,640,train2017
5169,000000005169.jpg,640,480,train2017
5172,000000005172.jpg,640,360,train2017
5174,000000005174.jpg,640,480,train2017
5178,000000005178.jpg,640,528,train2017
5180,000000005180.jpg,640,569,train2017
5184,000000005184.jpg,509,640,train2017
5198,000000005198.jpg,640,480,train2017
5205,000000005205.jpg,612,612,train2017
5210,000000005210.jpg,640,426,train2017
5213,000000005213.jpg,500,375,train2017
5215,000000005215.jpg,640,474,train2017
5219,000000005219.jpg,425,640,train2017
5225,000000005225.jpg,500,417,train2017
5237,000000005237.jpg,640,347,train2017
5244,000000005244.jpg,375,500,train2017
5245,000000005245.jpg,427,640,train2017
5247,000000005247.jpg,640,424,train2017
5253,000000005253.jpg,640,425,train2017
5256,000000005256.jpg,640,640,train2017
5259,000000005259.jpg,640,467,train2017
5260,000000005260.jpg,640,427,train2017
5263,000000005263.jpg,427,640,train2017
5277,000000005277.jpg,427,640,train2017
5278,000000005278.jpg,640,480,train2017
5282,000000005282.jpg,640,480,train2017
5288,000000005288.jpg,640,480,train2017
5294,000000005294.jpg,640,413,train2017
5303,000000005303.jpg,640,480,train2017
5312,000000005312.jpg,640,425,train2017
5313,000000005313.jpg,640,371,train2017
5314,000000005314.jpg,480,640,train2017
5324,000000005324.jpg,585,640,train2017
5325,000000005325.jpg,500,375,train2017
5326,000000005326.jpg,640,480,train2017
5328,000000005328.jpg,430,640,train2017
5335,000000005335.jpg,400,317,train2017
5336,000000005336.jpg,640,432,train2017
5339,000000005339.jpg,640,427,train2017
5340,000000005340.jpg,640,480,train2017
5344,000000005344.jpg,640,480,train2017
5345,000000005345.jpg,640,346,train2017
5352,000000005352.jpg,640,480,train2017
5355,000000005355.jpg,640,427,train2017
5356,000000005356.jpg,640,427,train2017
5359,000000005359.jpg,640,426,train2017
5360,000000005360.jpg,640,471,train2017
5362,000000005362.jpg,500,333,train2017
5368,000000005368.jpg,640,438,train2017
5373,000000005373.jpg,640,426,train2017
5376,000000005376.jpg,640,480,train2017
5377,000000005377.jpg,333,500,train2017
5383,000000005383.jpg,640,480,train2017
5385,000000005385.jpg,640,480,train2017
5388,000000005388.jpg,640,427,train2017
5394,000000005394.jpg,640,457,train2017
5396,000000005396.jpg,640,426,train2017
5412,000000005412.jpg,640,425,train2017
5418,000000005418.jpg,427,640,train2017
5424,000000005424.jpg,640,480,train2017
5425,000000005425.jpg,500,333,train2017
5430,000000005430.jpg,640,427,train2017
5434,000000005434.jpg,480,640,train2017
5435,000000005435.jpg,500,375,train2017
5437,000000005437.jpg,375,500,train2017
5443,000000005443.jpg,481,640,train2017
5453,000000005453.jpg,640,480,train2017
5459,000000005459.jpg,640,427,train2017
5469,000000005469.jpg,438,640,train2017
5471,000000005471.jpg,640,427,train2017
5472,000000005472.jpg,640,480,train2017
5476,000000005476.jpg,640,476,train2017
5482,000000005482.jpg,640,482,train2017
5483,000000005483.jpg,640,568,train2017
5486,000000005486.jpg,640,426,train2017
5500,000000005500.jpg,480,640,train2017
5502,000000005502.jpg,640,488,train2017
5505,000000005505.jpg,640,640,train2017
5508,000000005508.jpg,640,480,train2017
5513,000000005513.jpg,480,640,train2017
5522,000000005522.jpg,500,375,train2017
5535,000000005535.jpg,640,480,train2017
5540,000000005540.jpg,640,427,train2017
5554,000000005554.jpg,640,427,train2017
5557,000000005557.jpg,640,425,train2017
5559,000000005559.jpg,640,426,train2017
5564,000000005564.jpg,640,428,train2017
5569,000000005569.jpg,500,375,train2017
5574,000000005574.jpg,640,480,train2017
5577,000000005577.jpg,640,480,train2017
5587,000000005587.jpg,612,612,train2017
5589,000000005589.jpg,640,480,train2017
5595,000000005595.jpg,457,640,train2017
5599,000000005599.jpg,640,480,train2017
5601,000000005601.jpg,640,425,train2017
5608,000000005608.jpg,640,427,train2017
5612,000000005612.jpg,640,480,train2017
5614,000000005614.jpg,640,426,train2017
5615,000000005615.jpg,640,427,train2017
5617,000000005617.jpg,640,480,train2017
5619,000000005619.jpg,640,361,train2017
5620,000000005620.jpg,612,612,train2017
5632,000000005632.jpg,640,480,train2017
5635,000000005635.jpg,640,428,train2017
5638,000000005638.jpg,640,480,train2017
5641,000000005641.jpg,640,480,train2017
5643,000000005643.jpg,640,480,train2017
5644,000000005644.jpg,640,427,train2017
5649,000000005649.jpg,640,480,train2017
5652,000000005652.jpg,640,427,train2017
5667,000000005667.jpg,640,480,train2017
5669,000000005669.jpg,640,480,train2017
5670,000000005670.jpg,640,425,train2017
5673,000000005673.jpg,640,428,train2017
5678,000000005678.jpg,640,469,train2017
5683,000000005683.jpg,396,500,train2017
5684,000000005684.jpg,640,427,train2017
5688,000000005688.jpg,640,480,train2017
5689,000000005689.jpg,500,375,train2017
5690,000000005690.jpg,640,427,train2017
5692,000000005692.jpg,640,425,train2017
5694,000000005694.jpg,640,480,train2017
5699,000000005699.jpg,600,400,train2017
5700,000000005700.jpg,640,427,train2017
5701,000000005701.jpg,480,640,train2017
5703,000000005703.jpg,375,500,train2017
5706,000000005706.jpg,640,346,train2017
5713,000000005713.jpg,640,480,train2017
5715,000000005715.jpg,425,640,train2017
5723,000000005723.jpg,640,360,train2017
5724,000000005724.jpg,559,640,train2017
5728,000000005728.jpg,500,331,train2017
5736,000000005736.jpg,427,640,train2017
5740,000000005740.jpg,640,480,train2017
5745,000000005745.jpg,640,427,train2017
5754,000000005754.jpg,500,375,train2017
5755,000000005755.jpg,480,640,train2017
5756,000000005756.jpg,640,361,train2017
5757,000000005757.jpg,640,473,train2017
5758,000000005758.jpg,359,640,train2017
5769,000000005769.jpg,480,640,train2017
5782,000000005782.jpg,640,480,train2017
5785,000000005785.jpg,640,433,train2017
5802,000000005802.jpg,640,479,train2017
5804,000000005804.jpg,457,640,train2017
5809,000000005809.jpg,427,640,train2017
5811,000000005811.jpg,640,467,train2017
5816,000000005816.jpg,640,480,train2017
5820,000000005820.jpg,480,640,train2017
5823,000000005823.jpg,640,429,train2017
5828,000000005828.jpg,640,431,train2017
5830,000000005830.jpg,640,427,train2017
5832,000000005832.jpg,640,478,train2017
5860,000000005860.jpg,375,500,train2017
5862,000000005862.jpg,640,480,train2017
5879,000000005879.jpg,427,640,train2017
5882,000000005882.jpg,500,333,train2017
5883,000000005883.jpg,425,640,train2017
5903,000000005903.jpg,640,425,train2017
5906,000000005906.jpg,612,612,train2017
5907,000000005907.jpg,640,427,train2017
5913,000000005913.jpg,640,482,train2017
5915,000000005915.jpg,500,363,train2017
5916,000000005916.jpg,378,500,train2017
5917,000000005917.jpg,640,480,train2017
5933,000000005933.jpg,640,426,train2017
5934,000000005934.jpg,640,429,train2017
5946,000000005946.jpg,640,427,train2017
5947,000000005947.jpg,640,424,train2017
5961,000000005961.jpg,480,640,train2017
5962,000000005962.jpg,640,427,train2017
5965,000000005965.jpg,640,480,train2017
5967,000000005967.jpg,640,439,train2017
5991,000000005991.jpg,640,427,train2017
5994,000000005994.jpg,340,640,train2017
6004,000000006004.jpg,640,480,train2017
6005,000000006005.jpg,640,481,train2017
6010,000000006010.jpg,640,428,train2017
6016,000000006016.jpg,640,427,train2017
6019,000000006019.jpg,375,500,train2017
6026,000000006026.jpg,640,480,train2017
6028,000000006028.jpg,640,427,train2017
6031,000000006031.jpg,419,640,train2017
6033,000000006033.jpg,480,640,train2017
6041,000000006041.jpg,616,640,train2017
6042,000000006042.jpg,640,423,train2017
6051,000000006051.jpg,640,459,train2017
6053,000000006053.jpg,500,467,train2017
6057,000000006057.jpg,640,427,train2017
6066,000000006066.jpg,640,640,train2017
6068,000000006068.jpg,640,361,train2017
6074,000000006074.jpg,640,427,train2017
6075,000000006075.jpg,640,640,train2017
6091,000000006091.jpg,480,640,train2017
6101,000000006101.jpg,640,427,train2017
6107,000000006107.jpg,640,438,train2017
6120,000000006120.jpg,426,640,train2017
6140,000000006140.jpg,620,640,train2017
6146,000000006146.jpg,500,364,train2017
6148,000000006148.jpg,640,480,train2017
6151,000000006151.jpg,640,427,train2017
6153,000000006153.jpg,459,640,train2017
6155,000000006155.jpg,640,443,train2017
6160,000000006160.jpg,457,640,train2017
6177,000000006177.jpg,640,480,train2017
6178,000000006178.jpg,640,478,train2017
6180,000000006180.jpg,640,360,train2017
6182,000000006182.jpg,640,417,train2017
6189,000000006189.jpg,480,640,train2017
6190,000000006190.jpg,640,640,train2017
6197,000000006197.jpg,640,383,train2017
6200,000000006200.jpg,640,390,train2017
6211,000000006211.jpg,640,640,train2017
6216,000000006216.jpg,640,427,train2017
6220,000000006220.jpg,640,425,train2017
6225,000000006225.jpg,640,426,train2017
6226,000000006226.jpg,640,480,train2017
6229,000000006229.jpg,640,413,train2017
6230,000000006230.jpg,640,480,train2017
6233,000000006233.jpg,640,480,train2017
6241,000000006241.jpg,500,369,train2017
6247,000000006247.jpg,640,457,train2017
6253,000000006253.jpg,640,480,train2017
6262,000000006262.jpg,640,427,train2017
6263,000000006263.jpg,375,500,train2017
6266,000000006266.jpg,480,640,train2017
6268,000000006268.jpg,500,377,train2017
6270,000000006270.jpg,640,480,train2017
6287,000000006287.jpg,640,427,train2017
6293,000000006293.jpg,427,640,train2017
6295,000000006295.jpg,500,491,train2017
6306,000000006306.jpg,640,427,train2017
6318,000000006318.jpg,640,480,train2017
6327,000000006327.jpg,640,480,train2017
6332,000000006332.jpg,612,612,train2017
6334,000000006334.jpg,640,425,train2017
6336,000000006336.jpg,640,428,train2017
6338,000000006338.jpg,640,480,train2017
6339,000000006339.jpg,640,503,train2017
6347,000000006347.jpg,500,333,train2017
6352,000000006352.jpg,640,425,train2017
6355,000000006355.jpg,500,333,train2017
6357,000000006357.jpg,480,640,train2017
6358,000000006358.jpg,480,640,train2017
6363,000000006363.jpg,640,480,train2017
6364,000000006364.jpg,500,333,train2017
6379,000000006379.jpg,486,640,train2017
6380,000000006380.jpg,640,427,train2017
6393,000000006393.jpg,640,479,train2017
6397,000000006397.jpg,480,640,train2017
6406,000000006406.jpg,640,428,train2017
6407,000000006407.jpg,375,500,train2017
6409,000000006409.jpg,375,500,train2017
6414,000000006414.jpg,640,425,train2017
6415,000000006415.jpg,640,426,train2017
6417,000000006417.jpg,640,376,train2017
6421,000000006421.jpg,640,512,train2017
6422,000000006422.jpg,640,427,train2017
6424,000000006424.jpg,640,427,train2017
6426,000000006426.jpg,640,480,train2017
6428,000000006428.jpg,480,640,train2017
6432,000000006432.jpg,491,640,train2017
6437,000000006437.jpg,426,640,train2017
6447,000000006447.jpg,640,427,train2017
6450,000000006450.jpg,640,428,train2017
6451,000000006451.jpg,640,428,train2017
6464,000000006464.jpg,640,427,train2017
6465,000000006465.jpg,640,480,train2017
6473,000000006473.jpg,640,565,train2017
6481,000000006481.jpg,427,640,train2017
6484,000000006484.jpg,480,640,train2017
6488,000000006488.jpg,640,463,train2017
6489,000000006489.jpg,427,640,train2017
6491,000000006491.jpg,640,427,train2017
6497,000000006497.jpg,640,521,train2017
6512,000000006512.jpg,333,500,train2017
6517,000000006517.jpg,480,640,train2017
6518,000000006518.jpg,640,480,train2017
6520,000000006520.jpg,612,612,train2017
6522,000000006522.jpg,480,640,train2017
6527,000000006527.jpg,640,480,train2017
6531,000000006531.jpg,480,640,train2017
6539,000000006539.jpg,640,426,train2017
6541,000000006541.jpg,640,427,train2017
6560,000000006560.jpg,640,427,train2017
6562,000000006562.jpg,640,433,train2017
6572,000000006572.jpg,640,480,train2017
6578,000000006578.jpg,500,332,train2017
6579,000000006579.jpg,640,417,train2017
6580,000000006580.jpg,640,480,train2017
6586,000000006586.jpg,612,612,train2017
6589,000000006589.jpg,500,375,train2017
6590,000000006590.jpg,640,480,train2017
6593,000000006593.jpg,500,333,train2017
6595,000000006595.jpg,640,480,train2017
6599,000000006599.jpg,640,476,train2017
6602,000000006602.jpg,640,388,train2017
6603,000000006603.jpg,427,640,train2017
6608,000000006608.jpg,640,480,train2017
6627,000000006627.jpg,640,353,train2017
6631,000000006631.jpg,640,426,train2017
6632,000000006632.jpg,428,640,train2017
6640,000000006640.jpg,640,457,train2017
6647,000000006647.jpg,640,424,train2017
6651,000000006651.jpg,640,427,train2017
6658,000000006658.jpg,317,640,train2017
6662,000000006662.jpg,425,640,train2017
6664,000000006664.jpg,475,500,train2017
6672,000000006672.jpg,640,427,train2017
6673,000000006673.jpg,480,640,train2017
6675,000000006675.jpg,426,640,train2017
6688,000000006688.jpg,640,428,train2017
6692,000000006692.jpg,640,640,train2017
6701,000000006701.jpg,640,480,train2017
6709,000000006709.jpg,640,480,train2017
6710,000000006710.jpg,640,480,train2017
6712,000000006712.jpg,640,480,train2017
6715,000000006715.jpg,640,480,train2017
6719,000000006719.jpg,500,375,train2017
6720,000000006720.jpg,640,426,train2017
6721,000000006721.jpg,500,471,train2017
6725,000000006725.jpg,640,480,train2017
6730,000000006730.jpg,640,480,train2017
6733,000000006733.jpg,640,481,train2017
6744,000000006744.jpg,480,640,train2017
6747,000000006747.jpg,640,480,train2017
6748,000000006748.jpg,640,425,train2017
6749,000000006749.jpg,428,640,train2017
6753,000000006753.jpg,443,640,train2017
6760,000000006760.jpg,640,426,train2017
6764,000000006764.jpg,427,640,train2017
6765,000000006765.jpg,640,427,train2017
6773,000000006773.jpg,500,375,train2017
6777,000000006777.jpg,425,640,train2017
6780,000000006780.jpg,640,359,train2017
6783,000000006783.jpg,427,640,train2017
6789,000000006789.jpg,640,424,train2017
6790,000000006790.jpg,640,406,train2017
6792,000000006792.jpg,640,427,train2017
6800,000000006800.jpg,500,328,train2017
6809,000000006809.jpg,640,480,train2017
6810,000000006810.jpg,640,427,train2017
6811,000000006811.jpg,640,426,train2017
6819,000000006819.jpg,640,238,train2017
6824,000000006824.jpg,640,429,train2017
6842,000000006842.jpg,640,480,train2017
6845,000000006845.jpg,640,426,train2017
6846,000000006846.jpg,640,473,train2017
6847,000000006847.jpg,640,513,train2017
6854,000000006854.jpg,375,500,train2017
6860,000000006860.jpg,640,424,train2017
6861,000000006861.jpg,437,640,train2017
6862,000000006862.jpg,640,383,train2017
6864,000000006864.jpg,640,427,train2017
6870,000000006870.jpg,640,425,train2017
6871,000000006871.jpg,640,480,train2017
6873,000000006873.jpg,640,480,train2017
6874,000000006874.jpg,640,457,train2017
6896,000000006896.jpg,640,480,train2017
6901,000000006901.jpg,480,640,train2017
6906,000000006906.jpg,600,640,train2017
6914,000000006914.jpg,640,480,train2017
6920,000000006920.jpg,640,426,train2017
6921,000000006921.jpg,640,424,train2017
6935,000000006935.jpg,640,426,train2017
6936,000000006936.jpg,640,322,train2017
6941,000000006941.jpg,414,330,train2017
6943,000000006943.jpg,640,425,train2017
6945,000000006945.jpg,500,346,train2017
6949,000000006949.jpg,640,425,train2017
6957,000000006957.jpg,640,226,train2017
6964,000000006964.jpg,478,640,train2017
6973,000000006973.jpg,612,612,train2017
6981,000000006981.jpg,556,640,train2017
6990,000000006990.jpg,500,333,train2017
6996,000000006996.jpg,333,500,train2017
6998,000000006998.jpg,640,426,train2017
7022,000000007022.jpg,640,427,train2017
7023,000000007023.jpg,640,425,train2017
7028,000000007028.jpg,640,427,train2017
7035,000000007035.jpg,640,379,train2017
7040,000000007040.jpg,426,640,train2017
7048,000000007048.jpg,640,427,train2017
7049,000000007049.jpg,427,640,train2017
7050,000000007050.jpg,640,480,train2017
7069,000000007069.jpg,640,428,train2017
7072,000000007072.jpg,500,296,train2017
7090,000000007090.jpg,640,480,train2017
7095,000000007095.jpg,428,640,train2017
7096,000000007096.jpg,640,399,train2017
7103,000000007103.jpg,500,375,train2017
7104,000000007104.jpg,333,500,train2017
7107,000000007107.jpg,640,624,train2017
7115,000000007115.jpg,640,427,train2017
7116,000000007116.jpg,640,427,train2017
7123,000000007123.jpg,640,428,train2017
7124,000000007124.jpg,640,426,train2017
7125,000000007125.jpg,640,471,train2017
7129,000000007129.jpg,480,640,train2017
7139,000000007139.jpg,640,427,train2017
7143,000000007143.jpg,281,500,train2017
7145,000000007145.jpg,500,375,train2017
7149,000000007149.jpg,640,427,train2017
7150,000000007150.jpg,640,480,train2017
7155,000000007155.jpg,450,640,train2017
7159,000000007159.jpg,476,640,train2017
7167,000000007167.jpg,640,480,train2017
7174,000000007174.jpg,612,612,train2017
7178,000000007178.jpg,640,427,train2017
7179,000000007179.jpg,640,506,train2017
7201,000000007201.jpg,640,427,train2017
7202,000000007202.jpg,640,383,train2017
7205,000000007205.jpg,640,434,train2017
7207,000000007207.jpg,500,335,train2017
7211,000000007211.jpg,640,360,train2017
7214,000000007214.jpg,640,359,train2017
7220,000000007220.jpg,640,480,train2017
7221,000000007221.jpg,640,480,train2017
7224,000000007224.jpg,480,640,train2017
7228,000000007228.jpg,500,375,train2017
7232,000000007232.jpg,640,426,train2017
7239,000000007239.jpg,335,500,train2017
7241,000000007241.jpg,480,640,train2017
7247,000000007247.jpg,375,500,train2017
7251,000000007251.jpg,640,480,train2017
7253,000000007253.jpg,640,480,train2017
7256,000000007256.jpg,640,346,train2017
7260,000000007260.jpg,640,427,train2017
7267,000000007267.jpg,418,640,train2017
7274,000000007274.jpg,640,480,train2017
7275,000000007275.jpg,429,640,train2017
7276,000000007276.jpg,460,640,train2017
7277,000000007277.jpg,375,500,train2017
7288,000000007288.jpg,480,640,train2017
7297,000000007297.jpg,640,506,train2017
7298,000000007298.jpg,640,480,train2017
7304,000000007304.jpg,480,640,train2017
7307,000000007307.jpg,640,442,train2017
7318,000000007318.jpg,640,480,train2017
7319,000000007319.jpg,480,640,train2017
7320,000000007320.jpg,375,500,train2017
7325,000000007325.jpg,640,481,train2017
7333,000000007333.jpg,427,640,train2017
7355,000000007355.jpg,640,427,train2017
7357,000000007357.jpg,640,388,train2017
7361,000000007361.jpg,640,427,train2017
7367,000000007367.jpg,640,480,train2017
7393,000000007393.jpg,640,427,train2017
7394,000000007394.jpg,500,333,train2017
7396,000000007396.jpg,640,404,train2017
7398,000000007398.jpg,640,360,train2017
7414,000000007414.jpg,640,480,train2017
7420,000000007420.jpg,427,640,train2017
7424,000000007424.jpg,482,640,train2017
7444,000000007444.jpg,480,640,train2017
7452,000000007452.jpg,640,424,train2017
7455,000000007455.jpg,640,418,train2017
7476,000000007476.jpg,500,498,train2017
7489,000000007489.jpg,640,202,train2017
7498,000000007498.jpg,640,426,train2017
7500,000000007500.jpg,640,428,train2017
7503,000000007503.jpg,640,495,train2017
7504,000000007504.jpg,640,422,train2017
7506,000000007506.jpg,425,640,train2017
7510,000000007510.jpg,640,428,train2017
7517,000000007517.jpg,480,640,train2017
7519,000000007519.jpg,640,480,train2017
7522,000000007522.jpg,640,428,train2017
7524,000000007524.jpg,640,427,train2017
7535,000000007535.jpg,640,480,train2017
7539,000000007539.jpg,640,480,train2017
7544,000000007544.jpg,375,500,train2017
7556,000000007556.jpg,640,355,train2017
7558,000000007558.jpg,640,441,train2017
7559,000000007559.jpg,480,640,train2017
7566,000000007566.jpg,640,480,train2017
7567,000000007567.jpg,640,463,train2017
7570,000000007570.jpg,640,480,train2017
7583,000000007583.jpg,640,480,train2017
7584,000000007584.jpg,480,640,train2017
7592,000000007592.jpg,333,500,train2017
7593,000000007593.jpg,427,640,train2017
7594,000000007594.jpg,424,640,train2017
7596,000000007596.jpg,427,640,train2017
7601,000000007601.jpg,640,425,train2017
7603,000000007603.jpg,640,426,train2017
7615,000000007615.jpg,400,500,train2017
7616,000000007616.jpg,500,375,train2017
7621,000000007621.jpg,640,427,train2017
7623,000000007623.jpg,640,420,train2017
7625,000000007625.jpg,640,480,train2017
7627,000000007627.jpg,640,469,train2017
7629,000000007629.jpg,640,455,train2017
7642,000000007642.jpg,640,480,train2017
7643,000000007643.jpg,640,427,train2017
7650,000000007650.jpg,640,480,train2017
7653,000000007653.jpg,640,509,train2017
7665,000000007665.jpg,480,640,train2017
7666,000000007666.jpg,640,427,train2017
7669,000000007669.jpg,640,426,train2017
7673,000000007673.jpg,500,375,train2017
7677,000000007677.jpg,640,418,train2017
7682,000000007682.jpg,427,640,train2017
7685,000000007685.jpg,640,480,train2017
7689,000000007689.jpg,640,427,train2017
7690,000000007690.jpg,500,375,train2017
7697,000000007697.jpg,640,480,train2017
7710,000000007710.jpg,640,503,train2017
7713,000000007713.jpg,640,480,train2017
7721,000000007721.jpg,428,640,train2017
7722,000000007722.jpg,640,427,train2017
7726,000000007726.jpg,640,480,train2017
7727,000000007727.jpg,640,426,train2017
7729,000000007729.jpg,640,481,train2017
7730,000000007730.jpg,640,427,train2017
7733,000000007733.jpg,640,427,train2017
7735,000000007735.jpg,480,640,train2017
7740,000000007740.jpg,640,427,train2017
7746,000000007746.jpg,500,375,train2017
7753,000000007753.jpg,640,480,train2017
7757,000000007757.jpg,640,480,train2017
7758,000000007758.jpg,640,360,train2017
7762,000000007762.jpg,640,426,train2017
7772,000000007772.jpg,480,640,train2017
7778,000000007778.jpg,640,428,train2017
7781,000000007781.jpg,640,480,train2017
7782,000000007782.jpg,640,640,train2017
7785,000000007785.jpg,326,500,train2017
7787,000000007787.jpg,640,334,train2017
7789,000000007789.jpg,640,427,train2017
7794,000000007794.jpg,373,500,train2017
7796,000000007796.jpg,425,640,train2017
7809,000000007809.jpg,519,640,train2017
7819,000000007819.jpg,500,375,train2017
7823,000000007823.jpg,640,633,train2017
7827,000000007827.jpg,500,375,train2017
7830,000000007830.jpg,640,478,train2017
7838,000000007838.jpg,640,478,train2017
7839,000000007839.jpg,500,375,train2017
7852,000000007852.jpg,640,480,train2017
7853,000000007853.jpg,640,472,train2017
7855,000000007855.jpg,508,503,train2017
7856,000000007856.jpg,640,427,train2017
7867,000000007867.jpg,500,332,train2017
7873,000000007873.jpg,640,427,train2017
7890,000000007890.jpg,640,480,train2017
7894,000000007894.jpg,512,640,train2017
7899,000000007899.jpg,640,427,train2017
7913,000000007913.jpg,500,375,train2017
7921,000000007921.jpg,640,562,train2017
7931,000000007931.jpg,500,375,train2017
7932,000000007932.jpg,480,640,train2017
7934,000000007934.jpg,640,480,train2017
7936,000000007936.jpg,427,640,train2017
7938,000000007938.jpg,640,480,train2017
7944,000000007944.jpg,640,411,train2017
7945,000000007945.jpg,640,520,train2017
7946,000000007946.jpg,640,480,train2017
7952,000000007952.jpg,640,428,train2017
7953,000000007953.jpg,640,428,train2017
7954,000000007954.jpg,431,500,train2017
7961,000000007961.jpg,437,640,train2017
7988,000000007988.jpg,640,426,train2017
7989,000000007989.jpg,500,476,train2017
7996,000000007996.jpg,424,640,train2017
8005,000000008005.jpg,640,480,train2017
8006,000000008006.jpg,640,480,train2017
8010,000000008010.jpg,640,443,train2017
8014,000000008014.jpg,640,480,train2017
8016,000000008016.jpg,640,447,train2017
8019,000000008019.jpg,500,334,train2017
8024,000000008024.jpg,640,427,train2017
8025,000000008025.jpg,640,309,train2017
8027,000000008027.jpg,480,640,train2017
8042,000000008042.jpg,640,360,train2017
8043,000000008043.jpg,427,640,train2017
8045,000000008045.jpg,500,495,train2017
8053,000000008053.jpg,640,442,train2017
8055,000000008055.jpg,480,640,train2017
8058,000000008058.jpg,640,428,train2017
8062,000000008062.jpg,640,410,train2017
8063,000000008063.jpg,640,428,train2017
8064,000000008064.jpg,640,480,train2017
8065,000000008065.jpg,500,375,train2017
8066,000000008066.jpg,480,640,train2017
8074,000000008074.jpg,640,427,train2017
8080,000000008080.jpg,500,362,train2017
8081,000000008081.jpg,385,640,train2017
8086,000000008086.jpg,427,640,train2017
8093,000000008093.jpg,480,640,train2017
8095,000000008095.jpg,488,640,train2017
8106,000000008106.jpg,480,640,train2017
8114,000000008114.jpg,500,339,train2017
8119,000000008119.jpg,640,480,train2017
8128,000000008128.jpg,333,500,train2017
8131,000000008131.jpg,640,399,train2017
8138,000000008138.jpg,640,454,train2017
8152,000000008152.jpg,612,612,train2017
8160,000000008160.jpg,640,353,train2017
8170,000000008170.jpg,640,218,train2017
8176,000000008176.jpg,380,472,train2017
8179,000000008179.jpg,500,333,train2017
8180,000000008180.jpg,640,418,train2017
8181,000000008181.jpg,640,480,train2017
8186,000000008186.jpg,480,640,train2017
8187,000000008187.jpg,640,448,train2017
8188,000000008188.jpg,640,445,train2017
8190,000000008190.jpg,640,427,train2017
8191,000000008191.jpg,640,480,train2017
8193,000000008193.jpg,640,449,train2017
8195,000000008195.jpg,640,640,train2017
8196,000000008196.jpg,640,480,train2017
8204,000000008204.jpg,640,480,train2017
8218,000000008218.jpg,640,480,train2017
8223,000000008223.jpg,375,500,train2017
8228,000000008228.jpg,640,480,train2017
8234,000000008234.jpg,427,640,train2017
8238,000000008238.jpg,480,640,train2017
8245,000000008245.jpg,500,375,train2017
8267,000000008267.jpg,480,640,train2017
8284,000000008284.jpg,640,435,train2017
8285,000000008285.jpg,640,480,train2017
8290,000000008290.jpg,640,480,train2017
8292,000000008292.jpg,480,640,train2017
8294,000000008294.jpg,591,400,train2017
8297,000000008297.jpg,640,427,train2017
8300,000000008300.jpg,640,425,train2017
8305,000000008305.jpg,640,424,train2017
8309,000000008309.jpg,424,640,train2017
8311,000000008311.jpg,640,427,train2017
8314,000000008314.jpg,640,411,train2017
8320,000000008320.jpg,640,427,train2017
8321,000000008321.jpg,640,480,train2017
8329,000000008329.jpg,640,427,train2017
8332,000000008332.jpg,426,640,train2017
8333,000000008333.jpg,640,480,train2017
8336,000000008336.jpg,500,375,train2017
8339,000000008339.jpg,640,501,train2017
8341,000000008341.jpg,640,428,train2017
8345,000000008345.jpg,426,640,train2017
8350,000000008350.jpg,640,430,train2017
8351,000000008351.jpg,640,481,train2017
8356,000000008356.jpg,640,480,train2017
8369,000000008369.jpg,640,480,train2017
8373,000000008373.jpg,640,427,train2017
8379,000000008379.jpg,500,375,train2017
8383,000000008383.jpg,479,640,train2017
8385,000000008385.jpg,640,427,train2017
8394,000000008394.jpg,640,424,train2017
8396,000000008396.jpg,500,375,train2017
8401,000000008401.jpg,640,427,train2017
8405,000000008405.jpg,427,640,train2017
8414,000000008414.jpg,427,640,train2017
8418,000000008418.jpg,640,426,train2017
8422,000000008422.jpg,640,480,train2017
8429,000000008429.jpg,500,375,train2017
8431,000000008431.jpg,500,375,train2017
8432,000000008432.jpg,640,461,train2017
8433,000000008433.jpg,424,640,train2017
8436,000000008436.jpg,640,640,train2017
8439,000000008439.jpg,640,426,train2017
8443,000000008443.jpg,427,640,train2017
8445,000000008445.jpg,640,471,train2017
8453,000000008453.jpg,640,480,train2017
8457,000000008457.jpg,427,640,train2017
8458,000000008458.jpg,427,640,train2017
8468,000000008468.jpg,640,480,train2017
8469,000000008469.jpg,640,426,train2017
8471,000000008471.jpg,640,425,train2017
8473,000000008473.jpg,480,640,train2017
8483,000000008483.jpg,640,427,train2017
8493,000000008493.jpg,640,428,train2017
8494,000000008494.jpg,640,346,train2017
8495,000000008495.jpg,640,426,train2017
8498,000000008498.jpg,480,640,train2017
8504,000000008504.jpg,480,640,train2017
8519,000000008519.jpg,640,378,train2017
8520,000000008520.jpg,478,640,train2017
8531,000000008531.jpg,640,425,train2017
8536,000000008536.jpg,426,640,train2017
8547,000000008547.jpg,640,419,train2017
8548,000000008548.jpg,640,416,train2017
8549,000000008549.jpg,640,480,train2017
8553,000000008553.jpg,640,480,train2017
8559,000000008559.jpg,640,480,train2017
8562,000000008562.jpg,640,417,train2017
8564,000000008564.jpg,640,427,train2017
8568,000000008568.jpg,427,640,train2017
8571,000000008571.jpg,640,427,train2017
8574,000000008574.jpg,502,640,train2017
8580,000000008580.jpg,480,640,train2017
8581,000000008581.jpg,640,343,train2017
8583,000000008583.jpg,640,480,train2017
8587,000000008587.jpg,640,480,train2017
8589,000000008589.jpg,640,428,train2017
8592,000000008592.jpg,640,637,train2017
8593,000000008593.jpg,500,376,train2017
8594,000000008594.jpg,640,480,train2017
8595,000000008595.jpg,640,393,train2017
8599,000000008599.jpg,640,480,train2017
8602,000000008602.jpg,490,490,train2017
8603,000000008603.jpg,640,427,train2017
8612,000000008612.jpg,428,640,train2017
8630,000000008630.jpg,500,375,train2017
8639,000000008639.jpg,640,426,train2017
8644,000000008644.jpg,427,640,train2017
8646,000000008646.jpg,612,612,train2017
8647,000000008647.jpg,640,443,train2017
8649,000000008649.jpg,480,640,train2017
8653,000000008653.jpg,500,435,train2017
8657,000000008657.jpg,640,453,train2017
8659,000000008659.jpg,640,427,train2017
8665,000000008665.jpg,640,480,train2017
8676,000000008676.jpg,640,427,train2017
8677,000000008677.jpg,428,640,train2017
8686,000000008686.jpg,640,480,train2017
8688,000000008688.jpg,640,480,train2017
8691,000000008691.jpg,427,640,train2017
8708,000000008708.jpg,334,500,train2017
8711,000000008711.jpg,640,480,train2017
8718,000000008718.jpg,640,425,train2017
8721,000000008721.jpg,500,375,train2017
8725,000000008725.jpg,640,422,train2017
8731,000000008731.jpg,640,480,train2017
8733,000000008733.jpg,640,480,train2017
8734,000000008734.jpg,640,480,train2017
8746,000000008746.jpg,640,428,train2017
8747,000000008747.jpg,640,426,train2017
8749,000000008749.jpg,640,427,train2017
8761,000000008761.jpg,640,480,train2017
8771,000000008771.jpg,640,480,train2017
8772,000000008772.jpg,500,333,train2017
8773,000000008773.jpg,424,640,train2017
8775,000000008775.jpg,640,420,train2017
8776,000000008776.jpg,640,480,train2017
8781,000000008781.jpg,640,430,train2017
8785,000000008785.jpg,480,640,train2017
8786,000000008786.jpg,640,481,train2017
8787,000000008787.jpg,640,426,train2017
8789,000000008789.jpg,640,480,train2017
8791,000000008791.jpg,480,640,train2017
8794,000000008794.jpg,640,489,train2017
8797,000000008797.jpg,470,313,train2017
8803,000000008803.jpg,640,480,train2017
8807,000000008807.jpg,431,640,train2017
8809,000000008809.jpg,640,360,train2017
8813,000000008813.jpg,640,427,train2017
8816,000000008816.jpg,500,371,train2017
8821,000000008821.jpg,640,426,train2017
8829,000000008829.jpg,640,480,train2017
8830,000000008830.jpg,480,640,train2017
8832,000000008832.jpg,640,478,train2017
8834,000000008834.jpg,427,640,train2017
8836,000000008836.jpg,640,480,train2017
8841,000000008841.jpg,425,640,train2017
8846,000000008846.jpg,640,480,train2017
8848,000000008848.jpg,640,480,train2017
8853,000000008853.jpg,640,337,train2017
8856,000000008856.jpg,640,480,train2017
8872,000000008872.jpg,640,427,train2017
8876,000000008876.jpg,612,612,train2017
8881,000000008881.jpg,640,492,train2017
8884,000000008884.jpg,500,375,train2017
8888,000000008888.jpg,640,478,train2017
8892,000000008892.jpg,582,640,train2017
8896,000000008896.jpg,640,427,train2017
8909,000000008909.jpg,500,332,train2017
8920,000000008920.jpg,428,640,train2017
8922,000000008922.jpg,640,640,train2017
8923,000000008923.jpg,332,500,train2017
8933,000000008933.jpg,320,640,train2017
8934,000000008934.jpg,640,480,train2017
8936,000000008936.jpg,640,480,train2017
8944,000000008944.jpg,426,640,train2017
8953,000000008953.jpg,480,640,train2017
8958,000000008958.jpg,425,640,train2017
8965,000000008965.jpg,500,375,train2017
8968,000000008968.jpg,320,480,train2017
8979,000000008979.jpg,640,425,train2017
8981,000000008981.jpg,640,485,train2017
8991,000000008991.jpg,640,425,train2017
8998,000000008998.jpg,640,427,train2017
8999,000000008999.jpg,640,424,train2017
9002,000000009002.jpg,640,480,train2017
9003,000000009003.jpg,500,328,train2017
9007,000000009007.jpg,640,640,train2017
9012,000000009012.jpg,640,480,train2017
9016,000000009016.jpg,597,398,train2017
9017,000000009017.jpg,640,425,train2017
9018,000000009018.jpg,640,431,train2017
9024,000000009024.jpg,640,426,train2017
9025,000000009025.jpg,612,612,train2017
9029,000000009029.jpg,640,425,train2017
9038,000000009038.jpg,640,427,train2017
9039,000000009039.jpg,640,358,train2017
9041,000000009041.jpg,640,361,train2017
9045,000000009045.jpg,640,427,train2017
9050,000000009050.jpg,640,426,train2017
9057,000000009057.jpg,640,480,train2017
9060,000000009060.jpg,640,429,train2017
9062,000000009062.jpg,640,425,train2017
9064,000000009064.jpg,640,427,train2017
9069,000000009069.jpg,500,335,train2017
9075,000000009075.jpg,500,251,train2017
9077,000000009077.jpg,640,427,train2017
9091,000000009091.jpg,428,640,train2017
9095,000000009095.jpg,640,356,train2017
9105,000000009105.jpg,640,640,train2017
9112,000000009112.jpg,640,425,train2017
9113,000000009113.jpg,640,427,train2017
9119,000000009119.jpg,640,480,train2017
9127,000000009127.jpg,640,427,train2017
9133,000000009133.jpg,640,360,train2017
9138,000000009138.jpg,640,415,train2017
9142,000000009142.jpg,640,480,train2017
9145,000000009145.jpg,640,324,train2017
9148,000000009148.jpg,640,480,train2017
9156,000000009156.jpg,640,480,train2017
9170,000000009170.jpg,640,383,train2017
9171,000000009171.jpg,640,480,train2017
9172,000000009172.jpg,511,640,train2017
9174,000000009174.jpg,604,453,train2017
9175,000000009175.jpg,640,480,train2017
9176,000000009176.jpg,480,640,train2017
9178,000000009178.jpg,500,287,train2017
9180,000000009180.jpg,334,500,train2017
9185,000000009185.jpg,640,428,train2017
9186,000000009186.jpg,500,285,train2017
9190,000000009190.jpg,640,427,train2017
9195,000000009195.jpg,640,480,train2017
9199,000000009199.jpg,640,480,train2017
9202,000000009202.jpg,375,500,train2017
9203,000000009203.jpg,640,428,train2017
9211,000000009211.jpg,480,640,train2017
9214,000000009214.jpg,500,332,train2017
9217,000000009217.jpg,480,640,train2017
9218,000000009218.jpg,640,427,train2017
9226,000000009226.jpg,640,425,train2017
9231,000000009231.jpg,640,427,train2017
9236,000000009236.jpg,640,480,train2017
9248,000000009248.jpg,640,480,train2017
9253,000000009253.jpg,480,640,train2017
9262,000000009262.jpg,640,459,train2017
9270,000000009270.jpg,424,640,train2017
9274,000000009274.jpg,480,640,train2017
9275,000000009275.jpg,640,469,train2017
9286,000000009286.jpg,640,640,train2017
9287,000000009287.jpg,500,375,train2017
9288,000000009288.jpg,500,375,train2017
9296,000000009296.jpg,640,425,train2017
9317,000000009317.jpg,640,359,train2017
9321,000000009321.jpg,480,640,train2017
9322,000000009322.jpg,640,426,train2017
9353,000000009353.jpg,640,480,train2017
9372,000000009372.jpg,640,427,train2017
9379,000000009379.jpg,640,426,train2017
9381,000000009381.jpg,640,480,train2017
9395,000000009395.jpg,640,411,train2017
9398,000000009398.jpg,640,480,train2017
9408,000000009408.jpg,640,426,train2017
9409,000000009409.jpg,640,458,train2017
9413,000000009413.jpg,481,640,train2017
9420,000000009420.jpg,438,424,train2017
9425,000000009425.jpg,640,480,train2017
9426,000000009426.jpg,640,427,train2017
9429,000000009429.jpg,427,640,train2017
9446,000000009446.jpg,640,427,train2017
9450,000000009450.jpg,640,480,train2017
9451,000000009451.jpg,640,429,train2017
9452,000000009452.jpg,425,640,train2017
9460,000000009460.jpg,640,480,train2017
9462,000000009462.jpg,640,480,train2017
9465,000000009465.jpg,640,433,train2017
9466,000000009466.jpg,640,427,train2017
9469,000000009469.jpg,500,410,train2017
9474,000000009474.jpg,640,424,train2017
9478,000000009478.jpg,640,408,train2017
9479,000000009479.jpg,640,480,train2017
9488,000000009488.jpg,500,375,train2017
9497,000000009497.jpg,640,424,train2017
9509,000000009509.jpg,500,333,train2017
9511,000000009511.jpg,640,480,train2017
9514,000000009514.jpg,640,428,train2017
9517,000000009517.jpg,500,404,train2017
9520,000000009520.jpg,640,512,train2017
9527,000000009527.jpg,640,480,train2017
9539,000000009539.jpg,640,427,train2017
9542,000000009542.jpg,640,427,train2017
9548,000000009548.jpg,500,331,train2017
9553,000000009553.jpg,640,427,train2017
9556,000000009556.jpg,640,425,train2017
9557,000000009557.jpg,500,375,train2017
9572,000000009572.jpg,375,500,train2017
9599,000000009599.jpg,640,425,train2017
9603,000000009603.jpg,612,612,train2017
9608,000000009608.jpg,640,461,train2017
9615,000000009615.jpg,640,480,train2017
9620,000000009620.jpg,640,427,train2017
9628,000000009628.jpg,640,480,train2017
9640,000000009640.jpg,427,640,train2017
9647,000000009647.jpg,640,528,train2017
9648,000000009648.jpg,612,612,train2017
9651,000000009651.jpg,640,427,train2017
9656,000000009656.jpg,640,480,train2017
9658,000000009658.jpg,333,500,train2017
9668,000000009668.jpg,479,640,train2017
9669,000000009669.jpg,428,640,train2017
9673,000000009673.jpg,640,426,train2017
9677,000000009677.jpg,612,612,train2017
9678,000000009678.jpg,640,391,train2017
9679,000000009679.jpg,426,640,train2017
9695,000000009695.jpg,640,480,train2017
9696,000000009696.jpg,351,490,train2017
9698,000000009698.jpg,640,360,train2017
9699,000000009699.jpg,640,480,train2017
9707,000000009707.jpg,640,427,train2017
9708,000000009708.jpg,640,480,train2017
9709,000000009709.jpg,640,480,train2017
9712,000000009712.jpg,640,480,train2017
9721,000000009721.jpg,640,359,train2017
9723,000000009723.jpg,480,640,train2017
9725,000000009725.jpg,480,640,train2017
9727,000000009727.jpg,500,375,train2017
9729,000000009729.jpg,500,333,train2017
9735,000000009735.jpg,640,448,train2017
9738,000000009738.jpg,640,427,train2017
9744,000000009744.jpg,500,375,train2017
9745,000000009745.jpg,640,480,train2017
9759,000000009759.jpg,640,440,train2017
9760,000000009760.jpg,640,480,train2017
9763,000000009763.jpg,640,480,train2017
9767,000000009767.jpg,640,484,train2017
9768,000000009768.jpg,640,425,train2017
9771,000000009771.jpg,640,284,train2017
9774,000000009774.jpg,640,480,train2017
9778,000000009778.jpg,640,480,train2017
9789,000000009789.jpg,640,480,train2017
9791,000000009791.jpg,640,480,train2017
9797,000000009797.jpg,442,500,train2017
9800,000000009800.jpg,640,434,train2017
9801,000000009801.jpg,633,640,train2017
9807,000000009807.jpg,640,425,train2017
9809,000000009809.jpg,500,375,train2017
9813,000000009813.jpg,427,640,train2017
9820,000000009820.jpg,640,381,train2017
9822,000000009822.jpg,640,480,train2017
9830,000000009830.jpg,640,478,train2017
9833,000000009833.jpg,465,640,train2017
9836,000000009836.jpg,429,640,train2017
9843,000000009843.jpg,640,480,train2017
9845,000000009845.jpg,500,334,train2017
9846,000000009846.jpg,640,427,train2017
9851,000000009851.jpg,423,640,train2017
9857,000000009857.jpg,640,480,train2017
9859,000000009859.jpg,612,640,train2017
9865,000000009865.jpg,640,480,train2017
9866,000000009866.jpg,640,480,train2017
9872,000000009872.jpg,500,332,train2017
9878,000000009878.jpg,640,469,train2017
9885,000000009885.jpg,426,640,train2017
9895,000000009895.jpg,640,456,train2017
9898,000000009898.jpg,640,425,train2017
9904,000000009904.jpg,375,500,train2017
9908,000000009908.jpg,640,480,train2017
9910,000000009910.jpg,640,273,train2017
9919,000000009919.jpg,640,480,train2017
9927,000000009927.jpg,640,516,train2017
9929,000000009929.jpg,333,500,train2017
9935,000000009935.jpg,379,640,train2017
9941,000000009941.jpg,640,455,train2017
9945,000000009945.jpg,422,640,train2017
9946,000000009946.jpg,640,427,train2017
9951,000000009951.jpg,332,500,train2017
9960,000000009960.jpg,640,427,train2017
9968,000000009968.jpg,500,375,train2017
9975,000000009975.jpg,500,375,train2017
9983,000000009983.jpg,640,427,train2017
9987,000000009987.jpg,640,426,train2017
9988,000000009988.jpg,500,375,train2017
9990,000000009990.jpg,640,400,train2017
9993,000000009993.jpg,640,360,train2017
9999,000000009999.jpg,640,425,train2017
10005,000000010005.jpg,500,400,train2017
10008,000000010008.jpg,640,427,train2017
10012,000000010012.jpg,640,480,train2017
10014,000000010014.jpg,640,426,train2017
10015,000000010015.jpg,640,633,train2017
10023,000000010023.jpg,640,427,train2017
10024,000000010024.jpg,480,640,train2017
10037,000000010037.jpg,640,426,train2017
10039,000000010039.jpg,428,640,train2017
10040,000000010040.jpg,640,480,train2017
10041,000000010041.jpg,640,480,train2017
10046,000000010046.jpg,640,480,train2017
10056,000000010056.jpg,640,482,train2017
10058,000000010058.jpg,640,426,train2017
10069,000000010069.jpg,427,640,train2017
10073,000000010073.jpg,640,469,train2017
10077,000000010077.jpg,640,259,train2017
10082,000000010082.jpg,640,425,train2017
10083,000000010083.jpg,640,480,train2017
10084,000000010084.jpg,640,424,train2017
10094,000000010094.jpg,500,500,train2017
10097,000000010097.jpg,640,360,train2017
10104,000000010104.jpg,640,457,train2017
10107,000000010107.jpg,480,640,train2017
10108,000000010108.jpg,640,453,train2017
10114,000000010114.jpg,480,640,train2017
10115,000000010115.jpg,427,640,train2017
10123,000000010123.jpg,640,427,train2017
10125,000000010125.jpg,640,436,train2017
10130,000000010130.jpg,640,427,train2017
10136,000000010136.jpg,316,640,train2017
10138,000000010138.jpg,640,480,train2017
10142,000000010142.jpg,640,480,train2017
10145,000000010145.jpg,640,427,train2017
10149,000000010149.jpg,640,484,train2017
10161,000000010161.jpg,640,427,train2017
10166,000000010166.jpg,470,351,train2017
10175,000000010175.jpg,640,480,train2017
10176,000000010176.jpg,640,480,train2017
10179,000000010179.jpg,640,502,train2017
10192,000000010192.jpg,640,497,train2017
10196,000000010196.jpg,640,443,train2017
10205,000000010205.jpg,640,426,train2017
10211,000000010211.jpg,640,424,train2017
10216,000000010216.jpg,640,480,train2017
10217,000000010217.jpg,640,480,train2017
10219,000000010219.jpg,640,480,train2017
10222,000000010222.jpg,500,333,train2017
10229,000000010229.jpg,640,480,train2017
10230,000000010230.jpg,640,480,train2017
10232,000000010232.jpg,640,427,train2017
10239,000000010239.jpg,640,360,train2017
10241,000000010241.jpg,640,480,train2017
10243,000000010243.jpg,375,500,train2017
10244,000000010244.jpg,475,640,train2017
10245,000000010245.jpg,640,427,train2017
10248,000000010248.jpg,640,427,train2017
10249,000000010249.jpg,426,640,train2017
10256,000000010256.jpg,640,360,train2017
10263,000000010263.jpg,500,375,train2017
10265,000000010265.jpg,640,427,train2017
10275,000000010275.jpg,640,427,train2017
10276,000000010276.jpg,640,426,train2017
10281,000000010281.jpg,640,427,train2017
10290,000000010290.jpg,482,640,train2017
10303,000000010303.jpg,640,468,train2017
10309,000000010309.jpg,333,500,train2017
10313,000000010313.jpg,427,640,train2017
10318,000000010318.jpg,640,400,train2017
10319,000000010319.jpg,640,427,train2017
10321,000000010321.jpg,480,640,train2017
10324,000000010324.jpg,425,640,train2017
10327,000000010327.jpg,640,480,train2017
10337,000000010337.jpg,480,640,train2017
10342,000000010342.jpg,478,640,train2017
10343,000000010343.jpg,640,427,train2017
10346,000000010346.jpg,640,480,train2017
10358,000000010358.jpg,478,640,train2017
10369,000000010369.jpg,640,424,train2017
10386,000000010386.jpg,640,480,train2017
10388,000000010388.jpg,640,426,train2017
10393,000000010393.jpg,640,480,train2017
10395,000000010395.jpg,500,476,train2017
10400,000000010400.jpg,427,640,train2017
10403,000000010403.jpg,640,416,train2017
10405,000000010405.jpg,640,453,train2017
10407,000000010407.jpg,640,480,train2017
10414,000000010414.jpg,500,420,train2017
10420,000000010420.jpg,500,375,train2017
10421,000000010421.jpg,640,480,train2017
10428,000000010428.jpg,427,640,train2017
10430,000000010430.jpg,640,480,train2017
10432,000000010432.jpg,640,480,train2017
10434,000000010434.jpg,640,426,train2017
10440,000000010440.jpg,640,427,train2017
10442,000000010442.jpg,640,426,train2017
10444,000000010444.jpg,375,500,train2017
10445,000000010445.jpg,500,349,train2017
10449,000000010449.jpg,640,480,train2017
10463,000000010463.jpg,640,446,train2017
10466,000000010466.jpg,640,416,train2017
10471,000000010471.jpg,640,427,train2017
10472,000000010472.jpg,500,375,train2017
10476,000000010476.jpg,427,640,train2017
10478,000000010478.jpg,640,426,train2017
10484,000000010484.jpg,640,480,train2017
10489,000000010489.jpg,375,500,train2017
10495,000000010495.jpg,640,426,train2017
10496,000000010496.jpg,640,374,train2017
10498,000000010498.jpg,640,425,train2017
10526,000000010526.jpg,640,426,train2017
10534,000000010534.jpg,640,328,train2017
10539,000000010539.jpg,612,612,train2017
10540,000000010540.jpg,640,480,train2017
10545,000000010545.jpg,640,480,train2017
10546,000000010546.jpg,500,186,train2017
10547,000000010547.jpg,640,480,train2017
10560,000000010560.jpg,480,640,train2017
10566,000000010566.jpg,640,427,train2017
10579,000000010579.jpg,640,640,train2017
10580,000000010580.jpg,640,427,train2017
10581,000000010581.jpg,478,640,train2017
10591,000000010591.jpg,333,500,train2017
10600,000000010600.jpg,640,427,train2017
10613,000000010613.jpg,640,427,train2017
10614,000000010614.jpg,480,639,train2017
10615,000000010615.jpg,640,338,train2017
10621,000000010621.jpg,500,327,train2017
10624,000000010624.jpg,640,428,train2017
10627,000000010627.jpg,426,640,train2017
10639,000000010639.jpg,640,360,train2017
10643,000000010643.jpg,500,400,train2017
10644,000000010644.jpg,640,427,train2017
10645,000000010645.jpg,433,640,train2017
10646,000000010646.jpg,427,640,train2017
10654,000000010654.jpg,640,480,train2017
10655,000000010655.jpg,640,475,train2017
10678,000000010678.jpg,640,427,train2017
10681,000000010681.jpg,640,480,train2017
10683,000000010683.jpg,478,640,train2017
10684,000000010684.jpg,640,426,train2017
10689,000000010689.jpg,640,480,train2017
10691,000000010691.jpg,640,470,train2017
10693,000000010693.jpg,640,427,train2017
10694,000000010694.jpg,500,375,train2017
10698,000000010698.jpg,640,425,train2017
10701,000000010701.jpg,640,480,train2017
10702,000000010702.jpg,500,334,train2017
10705,000000010705.jpg,640,480,train2017
10710,000000010710.jpg,640,427,train2017
10711,000000010711.jpg,640,427,train2017
10714,000000010714.jpg,491,640,train2017
10716,000000010716.jpg,640,480,train2017
10719,000000010719.jpg,640,478,train2017
10720,000000010720.jpg,500,375,train2017
10727,000000010727.jpg,623,640,train2017
10728,000000010728.jpg,640,480,train2017
10732,000000010732.jpg,491,640,train2017
10733,000000010733.jpg,500,333,train2017
10735,000000010735.jpg,640,426,train2017
10743,000000010743.jpg,640,427,train2017
10759,000000010759.jpg,640,427,train2017
10766,000000010766.jpg,427,640,train2017
10769,000000010769.jpg,640,424,train2017
10779,000000010779.jpg,532,640,train2017
10784,000000010784.jpg,640,423,train2017
10785,000000010785.jpg,640,429,train2017
10787,000000010787.jpg,640,430,train2017
10793,000000010793.jpg,640,427,train2017
10799,000000010799.jpg,500,333,train2017
10800,000000010800.jpg,640,466,train2017
10817,000000010817.jpg,640,480,train2017
10818,000000010818.jpg,640,354,train2017
10822,000000010822.jpg,500,266,train2017
10825,000000010825.jpg,500,400,train2017
10831,000000010831.jpg,500,334,train2017
10837,000000010837.jpg,640,427,train2017
10844,000000010844.jpg,504,640,train2017
10851,000000010851.jpg,640,479,train2017
10856,000000010856.jpg,640,427,train2017
10858,000000010858.jpg,640,480,train2017
10867,000000010867.jpg,640,360,train2017
10870,000000010870.jpg,640,428,train2017
10871,000000010871.jpg,375,500,train2017
10877,000000010877.jpg,640,480,train2017
10881,000000010881.jpg,640,480,train2017
10890,000000010890.jpg,640,424,train2017
10900,000000010900.jpg,640,427,train2017
10903,000000010903.jpg,480,640,train2017
10907,000000010907.jpg,640,480,train2017
10909,000000010909.jpg,480,640,train2017
10920,000000010920.jpg,480,640,train2017
10925,000000010925.jpg,640,424,train2017
10928,000000010928.jpg,640,572,train2017
10929,000000010929.jpg,640,480,train2017
10935,000000010935.jpg,500,375,train2017
10936,000000010936.jpg,640,480,train2017
10948,000000010948.jpg,500,376,train2017
10954,000000010954.jpg,500,375,train2017
10964,000000010964.jpg,640,357,train2017
10966,000000010966.jpg,500,375,train2017
10969,000000010969.jpg,640,427,train2017
10981,000000010981.jpg,640,426,train2017
10986,000000010986.jpg,427,640,train2017
10991,000000010991.jpg,612,612,train2017
11004,000000011004.jpg,640,425,train2017
11010,000000011010.jpg,612,612,train2017
11015,000000011015.jpg,640,480,train2017
11025,000000011025.jpg,640,427,train2017
11029,000000011029.jpg,640,512,train2017
11034,000000011034.jpg,480,640,train2017
11041,000000011041.jpg,425,640,train2017
11042,000000011042.jpg,640,480,train2017
11052,000000011052.jpg,640,640,train2017
11065,000000011065.jpg,640,449,train2017
11075,000000011075.jpg,640,480,train2017
11076,000000011076.jpg,640,386,train2017
11077,000000011077.jpg,333,500,train2017
11080,000000011080.jpg,500,443,train2017
11081,000000011081.jpg,640,427,train2017
11091,000000011091.jpg,640,431,train2017
11099,000000011099.jpg,640,320,train2017
11100,000000011100.jpg,640,425,train2017
11107,000000011107.jpg,500,391,train2017
11115,000000011115.jpg,500,375,train2017
11129,000000011129.jpg,640,458,train2017
11138,000000011138.jpg,480,640,train2017
11146,000000011146.jpg,471,640,train2017
11147,000000011147.jpg,640,480,train2017
11156,000000011156.jpg,500,375,train2017
11158,000000011158.jpg,640,479,train2017
11159,000000011159.jpg,640,426,train2017
11168,000000011168.jpg,640,426,train2017
11169,000000011169.jpg,640,427,train2017
11172,000000011172.jpg,612,612,train2017
11181,000000011181.jpg,640,424,train2017
11182,000000011182.jpg,640,481,train2017
11184,000000011184.jpg,500,375,train2017
11188,000000011188.jpg,500,375,train2017
11195,000000011195.jpg,640,480,train2017
11196,000000011196.jpg,612,612,train2017
11198,000000011198.jpg,640,427,train2017
11202,000000011202.jpg,640,427,train2017
11205,000000011205.jpg,640,480,train2017
11209,000000011209.jpg,500,375,train2017
11222,000000011222.jpg,480,640,train2017
11223,000000011223.jpg,500,371,train2017
11227,000000011227.jpg,429,640,train2017
11229,000000011229.jpg,426,640,train2017
11231,000000011231.jpg,465,335,train2017
11233,000000011233.jpg,640,384,train2017
11238,000000011238.jpg,426,640,train2017
11241,000000011241.jpg,640,427,train2017
11244,000000011244.jpg,473,500,train2017
11256,000000011256.jpg,640,426,train2017
11258,000000011258.jpg,640,433,train2017
11260,000000011260.jpg,640,509,train2017
11262,000000011262.jpg,375,500,train2017
11264,000000011264.jpg,480,640,train2017
11265,000000011265.jpg,640,480,train2017
11269,000000011269.jpg,640,640,train2017
11271,000000011271.jpg,640,480,train2017
11272,000000011272.jpg,640,442,train2017
11276,000000011276.jpg,612,612,train2017
11282,000000011282.jpg,640,480,train2017
11288,000000011288.jpg,640,437,train2017
11291,000000011291.jpg,640,480,train2017
11292,000000011292.jpg,640,640,train2017
11294,000000011294.jpg,427,640,train2017
11297,000000011297.jpg,640,480,train2017
11299,000000011299.jpg,640,426,train2017
11300,000000011300.jpg,640,425,train2017
11302,000000011302.jpg,640,427,train2017
11304,000000011304.jpg,640,423,train2017
11305,000000011305.jpg,640,480,train2017
11313,000000011313.jpg,500,375,train2017
11316,000000011316.jpg,640,425,train2017
11320,000000011320.jpg,500,395,train2017
11323,000000011323.jpg,480,640,train2017
11324,000000011324.jpg,640,448,train2017
11326,000000011326.jpg,640,480,train2017
11328,000000011328.jpg,640,426,train2017
11332,000000011332.jpg,640,360,train2017
11334,000000011334.jpg,640,480,train2017
11336,000000011336.jpg,640,480,train2017
11340,000000011340.jpg,640,426,train2017
11347,000000011347.jpg,640,449,train2017
11349,000000011349.jpg,427,640,train2017
11358,000000011358.jpg,640,427,train2017
11360,000000011360.jpg,640,480,train2017
11361,000000011361.jpg,640,479,train2017
11364,000000011364.jpg,640,608,train2017
11373,000000011373.jpg,640,480,train2017
11374,000000011374.jpg,640,359,train2017
11390,000000011390.jpg,640,424,train2017
11398,000000011398.jpg,500,352,train2017
11401,000000011401.jpg,640,478,train2017
11402,000000011402.jpg,427,640,train2017
11403,000000011403.jpg,640,480,train2017
11411,000000011411.jpg,640,427,train2017
11420,000000011420.jpg,640,482,train2017
11422,000000011422.jpg,474,640,train2017
11426,000000011426.jpg,640,480,train2017
11449,000000011449.jpg,480,640,train2017
11461,000000011461.jpg,640,425,train2017
11474,000000011474.jpg,640,367,train2017
11475,000000011475.jpg,480,320,train2017
11485,000000011485.jpg,640,480,train2017
11487,000000011487.jpg,640,480,train2017
11494,000000011494.jpg,640,480,train2017
11495,000000011495.jpg,640,427,train2017
11496,000000011496.jpg,640,480,train2017
11497,000000011497.jpg,640,425,train2017
11504,000000011504.jpg,500,375,train2017
11505,000000011505.jpg,500,195,train2017
11506,000000011506.jpg,480,640,train2017
11508,000000011508.jpg,432,500,train2017
11519,000000011519.jpg,500,386,train2017
11525,000000011525.jpg,640,387,train2017
11527,000000011527.jpg,640,427,train2017
11528,000000011528.jpg,640,468,train2017
11537,000000011537.jpg,408,640,train2017
11538,000000011538.jpg,640,480,train2017
11544,000000011544.jpg,427,640,train2017
11552,000000011552.jpg,640,427,train2017
11554,000000011554.jpg,589,640,train2017
11567,000000011567.jpg,640,427,train2017
11569,000000011569.jpg,640,480,train2017
11570,000000011570.jpg,640,468,train2017
11576,000000011576.jpg,640,480,train2017
11579,000000011579.jpg,480,640,train2017
11591,000000011591.jpg,425,640,train2017
11605,000000011605.jpg,640,427,train2017
11613,000000011613.jpg,640,429,train2017
11618,000000011618.jpg,640,425,train2017
11619,000000011619.jpg,500,333,train2017
11624,000000011624.jpg,640,427,train2017
11625,000000011625.jpg,375,500,train2017
11630,000000011630.jpg,640,360,train2017
11631,000000011631.jpg,426,640,train2017
11635,000000011635.jpg,640,480,train2017
11638,000000011638.jpg,640,480,train2017
11643,000000011643.jpg,640,427,train2017
11655,000000011655.jpg,428,640,train2017
11658,000000011658.jpg,640,354,train2017
11661,000000011661.jpg,640,428,train2017
11667,000000011667.jpg,640,480,train2017
11673,000000011673.jpg,480,640,train2017
11677,000000011677.jpg,612,612,train2017
11680,000000011680.jpg,640,424,train2017
11682,000000011682.jpg,424,640,train2017
11690,000000011690.jpg,640,426,train2017
11694,000000011694.jpg,500,289,train2017
11696,000000011696.jpg,640,480,train2017
11697,000000011697.jpg,480,640,train2017
11701,000000011701.jpg,612,612,train2017
11702,000000011702.jpg,500,333,train2017
11703,000000011703.jpg,640,480,train2017
11707,000000011707.jpg,640,360,train2017
11712,000000011712.jpg,640,480,train2017
11713,000000011713.jpg,640,426,train2017
11719,000000011719.jpg,500,375,train2017
11720,000000011720.jpg,640,480,train2017
11721,000000011721.jpg,480,640,train2017
11723,000000011723.jpg,427,640,train2017
11726,000000011726.jpg,640,640,train2017
11727,000000011727.jpg,375,500,train2017
11737,000000011737.jpg,640,427,train2017
11742,000000011742.jpg,467,640,train2017
11754,000000011754.jpg,640,480,train2017
11758,000000011758.jpg,640,428,train2017
11766,000000011766.jpg,521,640,train2017
11774,000000011774.jpg,640,480,train2017
11775,000000011775.jpg,640,480,train2017
11788,000000011788.jpg,640,640,train2017
11791,000000011791.jpg,640,427,train2017
11794,000000011794.jpg,640,365,train2017
11796,000000011796.jpg,640,480,train2017
11801,000000011801.jpg,640,510,train2017
11802,000000011802.jpg,640,427,train2017
11805,000000011805.jpg,480,640,train2017
11812,000000011812.jpg,640,427,train2017
11818,000000011818.jpg,640,360,train2017
11825,000000011825.jpg,640,425,train2017
11826,000000011826.jpg,640,480,train2017
11831,000000011831.jpg,640,427,train2017
11838,000000011838.jpg,640,487,train2017
11842,000000011842.jpg,456,640,train2017
11849,000000011849.jpg,640,480,train2017
11856,000000011856.jpg,640,448,train2017
11877,000000011877.jpg,640,425,train2017
11887,000000011887.jpg,640,480,train2017
11925,000000011925.jpg,640,427,train2017
11926,000000011926.jpg,640,427,train2017
11931,000000011931.jpg,427,640,train2017
11948,000000011948.jpg,640,376,train2017
11953,000000011953.jpg,640,427,train2017
11968,000000011968.jpg,640,427,train2017
11987,000000011987.jpg,640,480,train2017
11990,000000011990.jpg,640,426,train2017
11996,000000011996.jpg,640,480,train2017
12010,000000012010.jpg,480,640,train2017
12014,000000012014.jpg,640,360,train2017
12015,000000012015.jpg,640,427,train2017
12016,000000012016.jpg,640,428,train2017
12020,000000012020.jpg,640,427,train2017
12021,000000012021.jpg,500,375,train2017
12023,000000012023.jpg,612,612,train2017
12034,000000012034.jpg,500,334,train2017
12044,000000012044.jpg,640,480,train2017
12047,000000012047.jpg,640,319,train2017
12057,000000012057.jpg,333,500,train2017
12059,000000012059.jpg,640,640,train2017
12069,000000012069.jpg,516,640,train2017
12070,000000012070.jpg,500,375,train2017
12073,000000012073.jpg,500,375,train2017
12079,000000012079.jpg,375,500,train2017
12081,000000012081.jpg,640,480,train2017
12085,000000012085.jpg,640,480,train2017
12093,000000012093.jpg,500,329,train2017
12096,000000012096.jpg,612,612,train2017
12098,000000012098.jpg,640,640,train2017
12101,000000012101.jpg,500,375,train2017
12102,000000012102.jpg,480,640,train2017
12103,000000012103.jpg,426,640,train2017
12107,000000012107.jpg,500,375,train2017
12108,000000012108.jpg,500,332,train2017
12109,000000012109.jpg,640,480,train2017
12115,000000012115.jpg,640,427,train2017
12131,000000012131.jpg,640,435,train2017
12138,000000012138.jpg,640,427,train2017
12145,000000012145.jpg,640,480,train2017
12146,000000012146.jpg,640,426,train2017
12147,000000012147.jpg,612,612,train2017
12153,000000012153.jpg,500,333,train2017
12154,000000012154.jpg,426,640,train2017
12155,000000012155.jpg,640,428,train2017
12156,000000012156.jpg,640,480,train2017
12158,000000012158.jpg,334,500,train2017
12166,000000012166.jpg,640,425,train2017
12169,000000012169.jpg,427,640,train2017
12178,000000012178.jpg,640,428,train2017
12179,000000012179.jpg,427,640,train2017
12181,000000012181.jpg,500,375,train2017
12182,000000012182.jpg,489,640,train2017
12183,000000012183.jpg,640,426,train2017
12192,000000012192.jpg,640,425,train2017
12204,000000012204.jpg,426,640,train2017
12209,000000012209.jpg,640,480,train2017
12213,000000012213.jpg,612,612,train2017
12224,000000012224.jpg,480,640,train2017
12228,000000012228.jpg,480,640,train2017
12230,000000012230.jpg,640,480,train2017
12231,000000012231.jpg,640,480,train2017
12233,000000012233.jpg,349,640,train2017
12236,000000012236.jpg,640,360,train2017
12238,000000012238.jpg,640,480,train2017
12240,000000012240.jpg,640,480,train2017
12241,000000012241.jpg,640,426,train2017
12249,000000012249.jpg,478,640,train2017
12251,000000012251.jpg,640,332,train2017
12268,000000012268.jpg,500,375,train2017
12269,000000012269.jpg,480,640,train2017
12281,000000012281.jpg,640,544,train2017
12283,000000012283.jpg,640,474,train2017
12284,000000012284.jpg,396,312,train2017
12302,000000012302.jpg,640,425,train2017
12307,000000012307.jpg,640,480,train2017
12313,000000012313.jpg,640,425,train2017
12315,000000012315.jpg,640,480,train2017
12319,000000012319.jpg,427,640,train2017
12321,000000012321.jpg,640,383,train2017
12323,000000012323.jpg,480,640,train2017
12326,000000012326.jpg,640,427,train2017
12333,000000012333.jpg,640,416,train2017
12343,000000012343.jpg,640,427,train2017
12345,000000012345.jpg,513,640,train2017
12349,000000012349.jpg,640,427,train2017
12357,000000012357.jpg,500,375,train2017
12370,000000012370.jpg,640,428,train2017
12372,000000012372.jpg,424,640,train2017
12375,000000012375.jpg,640,480,train2017
12377,000000012377.jpg,375,500,train2017
12379,000000012379.jpg,427,640,train2017
12382,000000012382.jpg,640,480,train2017
12386,000000012386.jpg,444,640,train2017
12398,000000012398.jpg,500,375,train2017
12407,000000012407.jpg,640,480,train2017
12408,000000012408.jpg,640,480,train2017
12413,000000012413.jpg,640,424,train2017
12416,000000012416.jpg,640,480,train2017
12418,000000012418.jpg,480,640,train2017
12421,000000012421.jpg,375,500,train2017
12422,000000012422.jpg,640,427,train2017
12424,000000012424.jpg,640,427,train2017
12428,000000012428.jpg,640,480,train2017
12429,000000012429.jpg,500,375,train2017
12434,000000012434.jpg,425,640,train2017
12440,000000012440.jpg,480,640,train2017
12443,000000012443.jpg,640,480,train2017
12448,000000012448.jpg,427,640,train2017
12455,000000012455.jpg,640,385,train2017
12459,000000012459.jpg,640,428,train2017
12460,000000012460.jpg,640,426,train2017
12461,000000012461.jpg,480,640,train2017
12463,000000012463.jpg,640,427,train2017
12464,000000012464.jpg,640,428,train2017
12471,000000012471.jpg,640,480,train2017
12472,000000012472.jpg,480,640,train2017
12475,000000012475.jpg,640,426,train2017
12484,000000012484.jpg,424,640,train2017
12488,000000012488.jpg,426,640,train2017
12490,000000012490.jpg,640,427,train2017
12494,000000012494.jpg,640,480,train2017
12495,000000012495.jpg,640,425,train2017
12497,000000012497.jpg,333,500,train2017
12501,000000012501.jpg,640,426,train2017
12509,000000012509.jpg,640,427,train2017
12522,000000012522.jpg,640,427,train2017
12524,000000012524.jpg,480,640,train2017
12529,000000012529.jpg,427,640,train2017
12543,000000012543.jpg,480,640,train2017
12544,000000012544.jpg,640,368,train2017
12547,000000012547.jpg,640,466,train2017
12548,000000012548.jpg,427,640,train2017
12551,000000012551.jpg,640,425,train2017
12552,000000012552.jpg,640,427,train2017
12556,000000012556.jpg,640,480,train2017
12567,000000012567.jpg,640,512,train2017
12570,000000012570.jpg,480,640,train2017
12574,000000012574.jpg,640,480,train2017
12597,000000012597.jpg,640,553,train2017
12612,000000012612.jpg,640,480,train2017
12614,000000012614.jpg,640,640,train2017
12620,000000012620.jpg,640,360,train2017
12626,000000012626.jpg,359,640,train2017
12641,000000012641.jpg,640,480,train2017
12647,000000012647.jpg,344,500,train2017
12650,000000012650.jpg,640,480,train2017
12661,000000012661.jpg,640,640,train2017
12664,000000012664.jpg,640,416,train2017
12666,000000012666.jpg,640,441,train2017
12669,000000012669.jpg,332,500,train2017
12673,000000012673.jpg,375,500,train2017
12678,000000012678.jpg,612,612,train2017
12679,000000012679.jpg,640,427,train2017
12681,000000012681.jpg,612,612,train2017
12690,000000012690.jpg,640,398,train2017
12696,000000012696.jpg,612,612,train2017
12698,000000012698.jpg,640,480,train2017
12700,000000012700.jpg,640,480,train2017
12701,000000012701.jpg,640,510,train2017
12704,000000012704.jpg,612,612,train2017
12706,000000012706.jpg,427,640,train2017
12711,000000012711.jpg,640,480,train2017
12726,000000012726.jpg,640,480,train2017
12728,000000012728.jpg,640,480,train2017
12731,000000012731.jpg,640,513,train2017
12733,000000012733.jpg,640,427,train2017
12735,000000012735.jpg,640,427,train2017
12741,000000012741.jpg,612,612,train2017
12744,000000012744.jpg,640,480,train2017
12750,000000012750.jpg,640,403,train2017
12754,000000012754.jpg,640,640,train2017
12756,000000012756.jpg,427,640,train2017
12757,000000012757.jpg,640,427,train2017
12764,000000012764.jpg,640,480,train2017
12766,000000012766.jpg,480,640,train2017
12784,000000012784.jpg,640,480,train2017
12786,000000012786.jpg,427,640,train2017
12790,000000012790.jpg,500,500,train2017
12792,000000012792.jpg,426,640,train2017
12795,000000012795.jpg,496,640,train2017
12797,000000012797.jpg,375,500,train2017
12803,000000012803.jpg,640,480,train2017
12805,000000012805.jpg,640,480,train2017
12809,000000012809.jpg,640,428,train2017
12810,000000012810.jpg,640,427,train2017
12817,000000012817.jpg,425,640,train2017
12818,000000012818.jpg,640,480,train2017
12822,000000012822.jpg,640,424,train2017
12824,000000012824.jpg,640,427,train2017
12825,000000012825.jpg,640,480,train2017
12827,000000012827.jpg,640,640,train2017
12833,000000012833.jpg,500,333,train2017
12838,000000012838.jpg,640,480,train2017
12839,000000012839.jpg,640,480,train2017
12860,000000012860.jpg,480,640,train2017
12861,000000012861.jpg,640,427,train2017
12864,000000012864.jpg,374,500,train2017
12873,000000012873.jpg,457,640,train2017
12875,000000012875.jpg,640,428,train2017
12876,000000012876.jpg,640,427,train2017
12881,000000012881.jpg,640,428,train2017
12883,000000012883.jpg,334,500,train2017
12884,000000012884.jpg,335,500,train2017
12887,000000012887.jpg,640,288,train2017
12891,000000012891.jpg,640,480,train2017
12892,000000012892.jpg,640,480,train2017
12895,000000012895.jpg,640,428,train2017
12896,000000012896.jpg,640,427,train2017
12897,000000012897.jpg,640,426,train2017
12902,000000012902.jpg,332,500,train2017
12916,000000012916.jpg,640,480,train2017
12923,000000012923.jpg,640,480,train2017
12927,000000012927.jpg,640,425,train2017
12930,000000012930.jpg,640,480,train2017
12933,000000012933.jpg,500,375,train2017
12938,000000012938.jpg,640,479,train2017
12943,000000012943.jpg,640,427,train2017
12946,000000012946.jpg,640,426,train2017
12947,000000012947.jpg,427,640,train2017
12953,000000012953.jpg,640,433,train2017
12959,000000012959.jpg,480,640,train2017
12966,000000012966.jpg,640,427,train2017
12979,000000012979.jpg,320,240,train2017
12983,000000012983.jpg,640,427,train2017
12986,000000012986.jpg,640,478,train2017
12991,000000012991.jpg,640,480,train2017
12993,000000012993.jpg,500,333,train2017
12996,000000012996.jpg,640,507,train2017
12998,000000012998.jpg,640,480,train2017
12999,000000012999.jpg,640,480,train2017
13000,000000013000.jpg,640,428,train2017
13016,000000013016.jpg,640,480,train2017
13020,000000013020.jpg,640,186,train2017
13031,000000013031.jpg,640,426,train2017
13035,000000013035.jpg,480,640,train2017
13040,000000013040.jpg,333,500,train2017
13043,000000013043.jpg,640,427,train2017
13045,000000013045.jpg,640,480,train2017
13061,000000013061.jpg,500,375,train2017
13076,000000013076.jpg,640,478,train2017
13081,000000013081.jpg,640,480,train2017
13082,000000013082.jpg,640,421,train2017
13092,000000013092.jpg,640,282,train2017
13106,000000013106.jpg,375,500,train2017
13121,000000013121.jpg,640,480,train2017
13124,000000013124.jpg,480,640,train2017
13127,000000013127.jpg,640,423,train2017
13129,000000013129.jpg,640,480,train2017
13132,000000013132.jpg,640,604,train2017
13140,000000013140.jpg,640,480,train2017
13143,000000013143.jpg,640,480,train2017
13144,000000013144.jpg,480,640,train2017
13145,000000013145.jpg,640,436,train2017
13146,000000013146.jpg,640,427,train2017
13148,000000013148.jpg,500,281,train2017
13150,000000013150.jpg,640,427,train2017
13158,000000013158.jpg,480,229,train2017
13159,000000013159.jpg,640,427,train2017
13160,000000013160.jpg,640,426,train2017
13168,000000013168.jpg,612,612,train2017
13169,000000013169.jpg,640,427,train2017
13172,000000013172.jpg,451,640,train2017
13175,000000013175.jpg,427,640,train2017
13176,000000013176.jpg,640,480,train2017
13182,000000013182.jpg,500,375,train2017
13188,000000013188.jpg,640,427,train2017
13195,000000013195.jpg,491,500,train2017
13198,000000013198.jpg,415,640,train2017
13202,000000013202.jpg,427,640,train2017
13215,000000013215.jpg,640,427,train2017
13220,000000013220.jpg,640,428,train2017
13228,000000013228.jpg,375,500,train2017
13230,000000013230.jpg,640,480,train2017
13232,000000013232.jpg,640,427,train2017
13235,000000013235.jpg,640,427,train2017
13249,000000013249.jpg,640,424,train2017
13252,000000013252.jpg,640,427,train2017
13258,000000013258.jpg,640,426,train2017
13267,000000013267.jpg,640,427,train2017
13273,000000013273.jpg,640,427,train2017
13274,000000013274.jpg,640,425,train2017
13278,000000013278.jpg,640,634,train2017
13279,000000013279.jpg,640,360,train2017
13283,000000013283.jpg,500,375,train2017
13284,000000013284.jpg,640,480,train2017
13285,000000013285.jpg,640,424,train2017
13290,000000013290.jpg,640,426,train2017
13292,000000013292.jpg,640,427,train2017
13294,000000013294.jpg,640,483,train2017
13296,000000013296.jpg,640,428,train2017
13300,000000013300.jpg,480,640,train2017
13302,000000013302.jpg,500,333,train2017
13318,000000013318.jpg,634,640,train2017
13320,000000013320.jpg,432,640,train2017
13325,000000013325.jpg,640,480,train2017
13332,000000013332.jpg,640,480,train2017
13333,000000013333.jpg,640,480,train2017
13336,000000013336.jpg,427,640,train2017
13352,000000013352.jpg,426,640,train2017
13355,000000013355.jpg,640,427,train2017
13356,000000013356.jpg,640,480,train2017
13357,000000013357.jpg,640,457,train2017
13362,000000013362.jpg,375,500,train2017
13364,000000013364.jpg,640,386,train2017
13372,000000013372.jpg,640,425,train2017
13379,000000013379.jpg,640,427,train2017
13383,000000013383.jpg,640,480,train2017
13397,000000013397.jpg,640,428,train2017
13414,000000013414.jpg,480,640,train2017
13415,000000013415.jpg,640,427,train2017
13417,000000013417.jpg,640,428,train2017
13420,000000013420.jpg,500,335,train2017
13428,000000013428.jpg,335,500,train2017
13432,000000013432.jpg,640,480,train2017
13445,000000013445.jpg,640,391,train2017
13452,000000013452.jpg,640,480,train2017
13455,000000013455.jpg,640,426,train2017
13463,000000013463.jpg,427,640,train2017
13465,000000013465.jpg,426,640,train2017
13466,000000013466.jpg,640,427,train2017
13468,000000013468.jpg,640,428,train2017
13471,000000013471.jpg,603,640,train2017
13473,000000013473.jpg,431,431,train2017
13482,000000013482.jpg,640,427,train2017
13489,000000013489.jpg,500,332,train2017
13490,000000013490.jpg,640,480,train2017
13492,000000013492.jpg,480,640,train2017
13497,000000013497.jpg,342,500,train2017
13506,000000013506.jpg,640,496,train2017
13517,000000013517.jpg,640,480,train2017
13524,000000013524.jpg,612,612,train2017
13525,000000013525.jpg,640,463,train2017
13528,000000013528.jpg,427,640,train2017
13529,000000013529.jpg,500,448,train2017
13540,000000013540.jpg,414,640,train2017
13547,000000013547.jpg,459,640,train2017
13550,000000013550.jpg,640,427,train2017
13556,000000013556.jpg,434,640,train2017
13565,000000013565.jpg,640,473,train2017
13568,000000013568.jpg,640,480,train2017
13574,000000013574.jpg,640,480,train2017
13576,000000013576.jpg,640,480,train2017
13578,000000013578.jpg,500,375,train2017
13595,000000013595.jpg,478,640,train2017
13603,000000013603.jpg,640,480,train2017
13605,000000013605.jpg,500,332,train2017
13616,000000013616.jpg,640,480,train2017
13632,000000013632.jpg,424,640,train2017
13636,000000013636.jpg,640,480,train2017
13637,000000013637.jpg,500,375,train2017
13639,000000013639.jpg,478,640,train2017
13650,000000013650.jpg,640,428,train2017
13662,000000013662.jpg,450,640,train2017
13670,000000013670.jpg,640,427,train2017
13671,000000013671.jpg,640,511,train2017
13675,000000013675.jpg,375,500,train2017
13678,000000013678.jpg,500,375,train2017
13703,000000013703.jpg,640,427,train2017
13714,000000013714.jpg,640,640,train2017
13715,000000013715.jpg,335,500,train2017
13717,000000013717.jpg,640,359,train2017
13719,000000013719.jpg,640,480,train2017
13720,000000013720.jpg,640,480,train2017
13721,000000013721.jpg,640,436,train2017
13722,000000013722.jpg,640,428,train2017
13728,000000013728.jpg,640,425,train2017
13731,000000013731.jpg,480,640,train2017
13754,000000013754.jpg,426,640,train2017
13763,000000013763.jpg,640,480,train2017
13769,000000013769.jpg,480,640,train2017
13770,000000013770.jpg,640,565,train2017
13783,000000013783.jpg,640,596,train2017
13789,000000013789.jpg,500,358,train2017
13797,000000013797.jpg,640,427,train2017
13800,000000013800.jpg,640,480,train2017
13802,000000013802.jpg,640,426,train2017
13815,000000013815.jpg,640,381,train2017
13832,000000013832.jpg,640,640,train2017
13835,000000013835.jpg,512,640,train2017
13843,000000013843.jpg,640,424,train2017
13844,000000013844.jpg,484,640,train2017
13856,000000013856.jpg,640,426,train2017
13867,000000013867.jpg,413,500,train2017
13868,000000013868.jpg,640,640,train2017
13874,000000013874.jpg,640,480,train2017
13876,000000013876.jpg,640,477,train2017
13879,000000013879.jpg,481,640,train2017
13882,000000013882.jpg,426,640,train2017
13892,000000013892.jpg,426,640,train2017
13893,000000013893.jpg,427,640,train2017
13900,000000013900.jpg,640,596,train2017
13901,000000013901.jpg,640,480,train2017
13904,000000013904.jpg,640,640,train2017
13908,000000013908.jpg,640,428,train2017
13909,000000013909.jpg,640,429,train2017
13912,000000013912.jpg,640,427,train2017
13914,000000013914.jpg,512,640,train2017
13916,000000013916.jpg,480,640,train2017
13920,000000013920.jpg,427,640,train2017
13921,000000013921.jpg,375,500,train2017
13922,000000013922.jpg,612,612,train2017
13934,000000013934.jpg,640,480,train2017
13938,000000013938.jpg,640,427,train2017
13943,000000013943.jpg,640,480,train2017
13944,000000013944.jpg,640,360,train2017
13948,000000013948.jpg,640,428,train2017
13949,000000013949.jpg,612,612,train2017
13959,000000013959.jpg,478,640,train2017
13965,000000013965.jpg,640,428,train2017
13967,000000013967.jpg,640,419,train2017
13969,000000013969.jpg,640,429,train2017
13979,000000013979.jpg,640,426,train2017
13980,000000013980.jpg,640,457,train2017
13983,000000013983.jpg,640,480,train2017
13985,000000013985.jpg,640,426,train2017
13986,000000013986.jpg,640,427,train2017
13988,000000013988.jpg,640,451,train2017
13991,000000013991.jpg,640,640,train2017
13992,000000013992.jpg,375,500,train2017
13995,000000013995.jpg,640,480,train2017
14004,000000014004.jpg,640,473,train2017
14006,000000014006.jpg,480,640,train2017
14008,000000014008.jpg,640,465,train2017
14014,000000014014.jpg,640,480,train2017
14017,000000014017.jpg,425,640,train2017
14025,000000014025.jpg,436,640,train2017
14027,000000014027.jpg,478,640,train2017
14029,000000014029.jpg,640,425,train2017
14034,000000014034.jpg,640,426,train2017
14036,000000014036.jpg,640,554,train2017
14041,000000014041.jpg,640,427,train2017
14044,000000014044.jpg,640,480,train2017
14049,000000014049.jpg,640,480,train2017
14056,000000014056.jpg,612,612,train2017
14070,000000014070.jpg,500,391,train2017
14073,000000014073.jpg,640,426,train2017
14083,000000014083.jpg,640,427,train2017
14088,000000014088.jpg,640,478,train2017
14089,000000014089.jpg,640,431,train2017
14090,000000014090.jpg,427,640,train2017
14103,000000014103.jpg,640,425,train2017
14108,000000014108.jpg,640,480,train2017
14113,000000014113.jpg,640,426,train2017
14125,000000014125.jpg,640,411,train2017
14128,000000014128.jpg,480,640,train2017
14135,000000014135.jpg,640,427,train2017
14138,000000014138.jpg,640,425,train2017
14151,000000014151.jpg,431,500,train2017
14152,000000014152.jpg,465,640,train2017
14159,000000014159.jpg,640,467,train2017
14160,000000014160.jpg,640,427,train2017
14167,000000014167.jpg,640,429,train2017
14168,000000014168.jpg,640,480,train2017
14175,000000014175.jpg,640,426,train2017
14180,000000014180.jpg,510,640,train2017
14203,000000014203.jpg,480,640,train2017
14209,000000014209.jpg,640,422,train2017
14219,000000014219.jpg,640,427,train2017
14230,000000014230.jpg,640,388,train2017
14238,000000014238.jpg,640,480,train2017
14244,000000014244.jpg,640,480,train2017
14248,000000014248.jpg,640,480,train2017
14252,000000014252.jpg,458,640,train2017
14253,000000014253.jpg,640,480,train2017
14257,000000014257.jpg,640,427,train2017
14261,000000014261.jpg,480,640,train2017
14265,000000014265.jpg,427,640,train2017
14269,000000014269.jpg,640,480,train2017
14271,000000014271.jpg,640,427,train2017
14276,000000014276.jpg,640,427,train2017
14278,000000014278.jpg,640,428,train2017
14281,000000014281.jpg,233,247,train2017
14282,000000014282.jpg,640,480,train2017
14283,000000014283.jpg,640,480,train2017
14285,000000014285.jpg,375,500,train2017
14290,000000014290.jpg,428,640,train2017
14297,000000014297.jpg,640,480,train2017
14306,000000014306.jpg,640,426,train2017
14307,000000014307.jpg,640,427,train2017
14312,000000014312.jpg,640,360,train2017
14319,000000014319.jpg,424,640,train2017
14320,000000014320.jpg,640,478,train2017
14321,000000014321.jpg,320,225,train2017
14329,000000014329.jpg,640,380,train2017
14335,000000014335.jpg,640,360,train2017
14337,000000014337.jpg,640,425,train2017
14338,000000014338.jpg,640,480,train2017
14352,000000014352.jpg,640,427,train2017
14353,000000014353.jpg,640,480,train2017
14357,000000014357.jpg,500,280,train2017
14359,000000014359.jpg,480,640,train2017
14366,000000014366.jpg,640,426,train2017
14367,000000014367.jpg,640,426,train2017
14375,000000014375.jpg,640,480,train2017
14377,000000014377.jpg,640,480,train2017
14385,000000014385.jpg,640,463,train2017
14388,000000014388.jpg,640,352,train2017
14392,000000014392.jpg,426,640,train2017
14396,000000014396.jpg,640,480,train2017
14402,000000014402.jpg,427,640,train2017
14412,000000014412.jpg,612,612,train2017
14428,000000014428.jpg,427,640,train2017
14430,000000014430.jpg,640,426,train2017
14432,000000014432.jpg,480,360,train2017
14446,000000014446.jpg,640,480,train2017
14450,000000014450.jpg,638,640,train2017
14453,000000014453.jpg,500,375,train2017
14458,000000014458.jpg,640,425,train2017
14468,000000014468.jpg,640,480,train2017
14470,000000014470.jpg,640,429,train2017
14472,000000014472.jpg,427,640,train2017
14475,000000014475.jpg,500,334,train2017
14477,000000014477.jpg,500,377,train2017
14483,000000014483.jpg,640,425,train2017
14484,000000014484.jpg,500,392,train2017
14487,000000014487.jpg,425,640,train2017
14488,000000014488.jpg,500,334,train2017
14493,000000014493.jpg,333,500,train2017
14494,000000014494.jpg,640,480,train2017
14502,000000014502.jpg,640,480,train2017
14504,000000014504.jpg,500,375,train2017
14514,000000014514.jpg,640,480,train2017
14526,000000014526.jpg,431,640,train2017
14533,000000014533.jpg,640,408,train2017
14536,000000014536.jpg,427,338,train2017
14537,000000014537.jpg,502,640,train2017
14543,000000014543.jpg,500,375,train2017
14546,000000014546.jpg,640,427,train2017
14547,000000014547.jpg,640,428,train2017
14549,000000014549.jpg,512,640,train2017
14557,000000014557.jpg,467,640,train2017
14562,000000014562.jpg,427,640,train2017
14567,000000014567.jpg,640,429,train2017
14575,000000014575.jpg,640,640,train2017
14591,000000014591.jpg,640,640,train2017
14592,000000014592.jpg,427,640,train2017
14600,000000014600.jpg,478,640,train2017
14611,000000014611.jpg,640,414,train2017
14619,000000014619.jpg,640,512,train2017
14622,000000014622.jpg,640,427,train2017
14628,000000014628.jpg,640,428,train2017
14629,000000014629.jpg,640,451,train2017
14630,000000014630.jpg,640,409,train2017
14635,000000014635.jpg,640,480,train2017
14644,000000014644.jpg,500,375,train2017
14653,000000014653.jpg,500,375,train2017
14662,000000014662.jpg,640,426,train2017
14676,000000014676.jpg,640,478,train2017
14677,000000014677.jpg,640,427,train2017
14681,000000014681.jpg,500,333,train2017
14683,000000014683.jpg,640,480,train2017
14686,000000014686.jpg,640,480,train2017
14691,000000014691.jpg,640,403,train2017
14698,000000014698.jpg,640,461,train2017
14707,000000014707.jpg,640,503,train2017
14709,000000014709.jpg,640,425,train2017
14713,000000014713.jpg,640,480,train2017
14723,000000014723.jpg,448,279,train2017
14726,000000014726.jpg,640,425,train2017
14728,000000014728.jpg,640,457,train2017
14730,000000014730.jpg,425,640,train2017
14733,000000014733.jpg,640,427,train2017
14736,000000014736.jpg,427,640,train2017
14740,000000014740.jpg,375,500,train2017
14743,000000014743.jpg,640,426,train2017
14748,000000014748.jpg,333,500,train2017
14750,000000014750.jpg,480,640,train2017
14756,000000014756.jpg,500,500,train2017
14757,000000014757.jpg,640,480,train2017
14759,000000014759.jpg,640,426,train2017
14764,000000014764.jpg,640,480,train2017
14766,000000014766.jpg,640,448,train2017
14768,000000014768.jpg,640,427,train2017
14769,000000014769.jpg,640,427,train2017
14773,000000014773.jpg,640,427,train2017
14774,000000014774.jpg,375,500,train2017
14781,000000014781.jpg,478,640,train2017
14783,000000014783.jpg,640,427,train2017
14791,000000014791.jpg,500,375,train2017
14795,000000014795.jpg,640,427,train2017
14798,000000014798.jpg,640,427,train2017
14801,000000014801.jpg,640,480,train2017
14804,000000014804.jpg,640,427,train2017
14807,000000014807.jpg,428,640,train2017
14812,000000014812.jpg,640,426,train2017
14818,000000014818.jpg,640,480,train2017
14819,000000014819.jpg,300,169,train2017
14820,000000014820.jpg,640,513,train2017
14821,000000014821.jpg,491,640,train2017
14824,000000014824.jpg,512,640,train2017
14835,000000014835.jpg,640,480,train2017
14844,000000014844.jpg,640,426,train2017
14845,000000014845.jpg,640,480,train2017
14849,000000014849.jpg,640,428,train2017
14850,000000014850.jpg,640,480,train2017
14854,000000014854.jpg,640,323,train2017
14855,000000014855.jpg,640,427,train2017
14857,000000014857.jpg,480,640,train2017
14861,000000014861.jpg,640,427,train2017
14862,000000014862.jpg,640,427,train2017
14864,000000014864.jpg,500,400,train2017
14869,000000014869.jpg,640,480,train2017
14870,000000014870.jpg,428,640,train2017
14872,000000014872.jpg,640,360,train2017
14873,000000014873.jpg,640,480,train2017
14874,000000014874.jpg,427,640,train2017
14876,000000014876.jpg,427,640,train2017
14880,000000014880.jpg,640,480,train2017
14883,000000014883.jpg,475,640,train2017
14886,000000014886.jpg,640,480,train2017
14892,000000014892.jpg,640,427,train2017
14921,000000014921.jpg,480,640,train2017
14925,000000014925.jpg,333,500,train2017
14928,000000014928.jpg,612,612,train2017
14938,000000014938.jpg,640,480,train2017
14940,000000014940.jpg,500,375,train2017
14941,000000014941.jpg,481,640,train2017
14954,000000014954.jpg,640,351,train2017
14960,000000014960.jpg,640,562,train2017
14961,000000014961.jpg,485,500,train2017
14966,000000014966.jpg,640,480,train2017
14967,000000014967.jpg,640,427,train2017
14969,000000014969.jpg,480,640,train2017
14970,000000014970.jpg,612,612,train2017
14974,000000014974.jpg,640,309,train2017
14975,000000014975.jpg,640,438,train2017
14985,000000014985.jpg,640,427,train2017
14986,000000014986.jpg,640,480,train2017
14988,000000014988.jpg,480,640,train2017
14990,000000014990.jpg,640,478,train2017
14998,000000014998.jpg,640,480,train2017
15002,000000015002.jpg,424,640,train2017
15006,000000015006.jpg,640,480,train2017
15008,000000015008.jpg,640,480,train2017
15011,000000015011.jpg,640,427,train2017
15016,000000015016.jpg,640,425,train2017
15017,000000015017.jpg,640,480,train2017
15029,000000015029.jpg,500,375,train2017
15032,000000015032.jpg,640,425,train2017
15036,000000015036.jpg,640,480,train2017
15049,000000015049.jpg,640,480,train2017
15050,000000015050.jpg,640,480,train2017
15055,000000015055.jpg,640,480,train2017
15062,000000015062.jpg,640,480,train2017
15067,000000015067.jpg,640,424,train2017
15069,000000015069.jpg,478,640,train2017
15070,000000015070.jpg,640,427,train2017
15071,000000015071.jpg,478,640,train2017
15073,000000015073.jpg,612,612,train2017
15074,000000015074.jpg,500,375,train2017
15085,000000015085.jpg,640,426,train2017
15089,000000015089.jpg,640,426,train2017
15096,000000015096.jpg,640,480,train2017
15097,000000015097.jpg,556,640,train2017
15107,000000015107.jpg,500,375,train2017
15109,000000015109.jpg,640,425,train2017
15110,000000015110.jpg,640,480,train2017
15112,000000015112.jpg,480,640,train2017
15113,000000015113.jpg,640,480,train2017
15117,000000015117.jpg,375,500,train2017
15122,000000015122.jpg,640,427,train2017
15126,000000015126.jpg,480,640,train2017
15140,000000015140.jpg,500,375,train2017
15148,000000015148.jpg,640,428,train2017
15151,000000015151.jpg,426,640,train2017
15153,000000015153.jpg,640,427,train2017
15155,000000015155.jpg,640,360,train2017
15156,000000015156.jpg,640,426,train2017
15157,000000015157.jpg,640,480,train2017
15165,000000015165.jpg,640,480,train2017
15174,000000015174.jpg,480,640,train2017
15175,000000015175.jpg,640,427,train2017
15179,000000015179.jpg,480,640,train2017
15180,000000015180.jpg,640,428,train2017
15183,000000015183.jpg,375,500,train2017
15185,000000015185.jpg,640,472,train2017
15190,000000015190.jpg,480,640,train2017
15193,000000015193.jpg,640,427,train2017
15195,000000015195.jpg,640,427,train2017
15197,000000015197.jpg,640,480,train2017
15198,000000015198.jpg,360,270,train2017
15203,000000015203.jpg,640,480,train2017
15219,000000015219.jpg,500,333,train2017
15220,000000015220.jpg,333,500,train2017
15236,000000015236.jpg,640,375,train2017
15239,000000015239.jpg,640,360,train2017
15249,000000015249.jpg,640,480,train2017
15257,000000015257.jpg,427,640,train2017
15259,000000015259.jpg,640,427,train2017
15260,000000015260.jpg,427,640,train2017
15262,000000015262.jpg,480,640,train2017
15266,000000015266.jpg,640,428,train2017
15267,000000015267.jpg,640,593,train2017
15268,000000015268.jpg,480,640,train2017
15269,000000015269.jpg,427,640,train2017
15273,000000015273.jpg,640,512,train2017
15274,000000015274.jpg,640,480,train2017
15276,000000015276.jpg,640,383,train2017
15286,000000015286.jpg,640,369,train2017
15289,000000015289.jpg,640,428,train2017
15297,000000015297.jpg,640,345,train2017
15301,000000015301.jpg,640,425,train2017
15302,000000015302.jpg,640,424,train2017
15303,000000015303.jpg,640,378,train2017
15307,000000015307.jpg,612,612,train2017
15311,000000015311.jpg,413,640,train2017
15318,000000015318.jpg,640,480,train2017
15329,000000015329.jpg,640,442,train2017
15345,000000015345.jpg,640,480,train2017
15346,000000015346.jpg,500,281,train2017
15347,000000015347.jpg,500,481,train2017
15354,000000015354.jpg,640,480,train2017
15355,000000015355.jpg,480,640,train2017
15356,000000015356.jpg,640,361,train2017
15366,000000015366.jpg,500,332,train2017
15374,000000015374.jpg,500,375,train2017
15379,000000015379.jpg,500,375,train2017
15382,000000015382.jpg,640,427,train2017
15386,000000015386.jpg,640,480,train2017
15388,000000015388.jpg,500,375,train2017
15391,000000015391.jpg,640,480,train2017
15392,000000015392.jpg,640,429,train2017
15394,000000015394.jpg,640,480,train2017
15399,000000015399.jpg,500,375,train2017
15400,000000015400.jpg,640,407,train2017
15404,000000015404.jpg,640,427,train2017
15409,000000015409.jpg,640,427,train2017
15427,000000015427.jpg,640,480,train2017
15438,000000015438.jpg,640,480,train2017
15451,000000015451.jpg,640,360,train2017
15468,000000015468.jpg,640,426,train2017
15469,000000015469.jpg,500,345,train2017
15472,000000015472.jpg,640,480,train2017
15474,000000015474.jpg,500,333,train2017
15485,000000015485.jpg,640,480,train2017
15486,000000015486.jpg,640,425,train2017
15496,000000015496.jpg,640,480,train2017
15514,000000015514.jpg,640,479,train2017
15518,000000015518.jpg,640,386,train2017
15524,000000015524.jpg,383,640,train2017
15525,000000015525.jpg,472,314,train2017
15528,000000015528.jpg,640,427,train2017
15542,000000015542.jpg,500,370,train2017
15544,000000015544.jpg,480,640,train2017
15546,000000015546.jpg,640,513,train2017
15552,000000015552.jpg,640,516,train2017
15554,000000015554.jpg,640,428,train2017
15558,000000015558.jpg,500,375,train2017
15559,000000015559.jpg,640,480,train2017
15564,000000015564.jpg,640,480,train2017
15565,000000015565.jpg,500,332,train2017
15566,000000015566.jpg,500,333,train2017
15567,000000015567.jpg,640,511,train2017
15569,000000015569.jpg,640,480,train2017
15576,000000015576.jpg,640,425,train2017
15581,000000015581.jpg,427,640,train2017
15582,000000015582.jpg,480,640,train2017
15586,000000015586.jpg,480,640,train2017
15588,000000015588.jpg,591,640,train2017
15595,000000015595.jpg,640,425,train2017
15596,000000015596.jpg,640,426,train2017
15599,000000015599.jpg,640,427,train2017
15600,000000015600.jpg,480,640,train2017
15610,000000015610.jpg,640,480,train2017
15614,000000015614.jpg,640,428,train2017
15617,000000015617.jpg,500,375,train2017
15618,000000015618.jpg,640,427,train2017
15619,000000015619.jpg,356,480,train2017
15621,000000015621.jpg,640,360,train2017
15644,000000015644.jpg,640,428,train2017
15645,000000015645.jpg,500,333,train2017
15652,000000015652.jpg,480,640,train2017
15653,000000015653.jpg,640,360,train2017
15658,000000015658.jpg,640,480,train2017
15663,000000015663.jpg,500,375,train2017
15667,000000015667.jpg,500,333,train2017
15678,000000015678.jpg,640,457,train2017
15681,000000015681.jpg,640,441,train2017
15684,000000015684.jpg,500,333,train2017
15687,000000015687.jpg,500,358,train2017
15690,000000015690.jpg,640,426,train2017
15693,000000015693.jpg,640,427,train2017
15704,000000015704.jpg,300,201,train2017
15709,000000015709.jpg,640,427,train2017
15725,000000015725.jpg,640,480,train2017
15726,000000015726.jpg,360,640,train2017
15733,000000015733.jpg,640,640,train2017
15735,000000015735.jpg,640,481,train2017
15738,000000015738.jpg,426,640,train2017
15744,000000015744.jpg,640,478,train2017
15745,000000015745.jpg,500,332,train2017
15750,000000015750.jpg,640,480,train2017
15757,000000015757.jpg,640,427,train2017
15759,000000015759.jpg,640,640,train2017
15764,000000015764.jpg,480,640,train2017
15772,000000015772.jpg,640,427,train2017
15778,000000015778.jpg,640,491,train2017
15792,000000015792.jpg,640,640,train2017
15794,000000015794.jpg,640,480,train2017
15797,000000015797.jpg,383,640,train2017
15802,000000015802.jpg,333,500,train2017
15809,000000015809.jpg,640,480,train2017
15810,000000015810.jpg,640,425,train2017
15811,000000015811.jpg,640,482,train2017
15816,000000015816.jpg,640,427,train2017
15818,000000015818.jpg,639,640,train2017
15823,000000015823.jpg,500,375,train2017
15826,000000015826.jpg,500,298,train2017
15827,000000015827.jpg,427,640,train2017
15830,000000015830.jpg,640,478,train2017
15839,000000015839.jpg,375,500,train2017
15843,000000015843.jpg,640,480,train2017
15846,000000015846.jpg,640,480,train2017
15850,000000015850.jpg,640,480,train2017
15851,000000015851.jpg,640,444,train2017
15859,000000015859.jpg,640,427,train2017
15862,000000015862.jpg,375,500,train2017
15870,000000015870.jpg,640,427,train2017
15876,000000015876.jpg,640,410,train2017
15881,000000015881.jpg,500,375,train2017
15883,000000015883.jpg,427,640,train2017
15885,000000015885.jpg,619,640,train2017
15895,000000015895.jpg,640,429,train2017
15897,000000015897.jpg,500,277,train2017
15902,000000015902.jpg,399,640,train2017
15906,000000015906.jpg,427,640,train2017
15908,000000015908.jpg,640,427,train2017
15915,000000015915.jpg,640,421,train2017
15918,000000015918.jpg,500,375,train2017
15919,000000015919.jpg,640,428,train2017
15927,000000015927.jpg,640,429,train2017
15930,000000015930.jpg,480,640,train2017
15944,000000015944.jpg,480,640,train2017
15947,000000015947.jpg,640,480,train2017
15952,000000015952.jpg,320,240,train2017
15953,000000015953.jpg,480,640,train2017
15954,000000015954.jpg,637,640,train2017
15957,000000015957.jpg,640,427,train2017
15963,000000015963.jpg,640,427,train2017
15968,000000015968.jpg,513,640,train2017
15976,000000015976.jpg,640,427,train2017
15978,000000015978.jpg,640,640,train2017
15984,000000015984.jpg,640,429,train2017
15986,000000015986.jpg,640,426,train2017
15987,000000015987.jpg,640,408,train2017
15994,000000015994.jpg,480,640,train2017
16005,000000016005.jpg,640,480,train2017
16009,000000016009.jpg,640,606,train2017
16015,000000016015.jpg,480,640,train2017
16025,000000016025.jpg,500,375,train2017
16027,000000016027.jpg,640,451,train2017
16030,000000016030.jpg,640,426,train2017
16032,000000016032.jpg,640,427,train2017
16037,000000016037.jpg,640,428,train2017
16038,000000016038.jpg,640,360,train2017
16039,000000016039.jpg,640,484,train2017
16040,000000016040.jpg,500,500,train2017
16046,000000016046.jpg,640,417,train2017
16056,000000016056.jpg,640,482,train2017
16060,000000016060.jpg,640,427,train2017
16063,000000016063.jpg,640,480,train2017
16064,000000016064.jpg,480,640,train2017
16069,000000016069.jpg,640,424,train2017
16071,000000016071.jpg,640,427,train2017
16072,000000016072.jpg,480,640,train2017
16076,000000016076.jpg,379,640,train2017
16080,000000016080.jpg,426,640,train2017
16082,000000016082.jpg,640,480,train2017
16084,000000016084.jpg,412,640,train2017
16089,000000016089.jpg,640,480,train2017
16098,000000016098.jpg,427,640,train2017
16099,000000016099.jpg,640,427,train2017
16101,000000016101.jpg,640,406,train2017
16109,000000016109.jpg,640,480,train2017
16111,000000016111.jpg,500,375,train2017
16112,000000016112.jpg,640,506,train2017
16113,000000016113.jpg,640,480,train2017
16114,000000016114.jpg,640,480,train2017
16119,000000016119.jpg,640,415,train2017
16123,000000016123.jpg,480,640,train2017
16125,000000016125.jpg,640,480,train2017
16142,000000016142.jpg,419,640,train2017
16161,000000016161.jpg,500,375,train2017
16164,000000016164.jpg,640,486,train2017
16166,000000016166.jpg,429,640,train2017
16169,000000016169.jpg,640,453,train2017
16173,000000016173.jpg,640,427,train2017
16180,000000016180.jpg,640,480,train2017
16183,000000016183.jpg,480,640,train2017
16188,000000016188.jpg,500,333,train2017
16193,000000016193.jpg,428,640,train2017
16195,000000016195.jpg,640,427,train2017
16206,000000016206.jpg,640,480,train2017
16209,000000016209.jpg,640,480,train2017
16210,000000016210.jpg,640,428,train2017
16216,000000016216.jpg,480,640,train2017
16233,000000016233.jpg,640,411,train2017
16237,000000016237.jpg,640,424,train2017
16238,000000016238.jpg,640,480,train2017
16240,000000016240.jpg,640,360,train2017
16241,000000016241.jpg,640,425,train2017
16243,000000016243.jpg,640,429,train2017
16246,000000016246.jpg,500,375,train2017
16251,000000016251.jpg,640,480,train2017
16253,000000016253.jpg,640,427,train2017
16254,000000016254.jpg,640,640,train2017
16255,000000016255.jpg,612,612,train2017
16257,000000016257.jpg,424,640,train2017
16273,000000016273.jpg,640,480,train2017
16283,000000016283.jpg,612,612,train2017
16285,000000016285.jpg,500,375,train2017
16290,000000016290.jpg,640,481,train2017
16292,000000016292.jpg,640,496,train2017
16295,000000016295.jpg,376,640,train2017
16297,000000016297.jpg,640,480,train2017
16308,000000016308.jpg,460,640,train2017
16314,000000016314.jpg,640,431,train2017
16317,000000016317.jpg,640,480,train2017
16318,000000016318.jpg,640,426,train2017
16322,000000016322.jpg,640,426,train2017
16327,000000016327.jpg,640,427,train2017
16334,000000016334.jpg,424,640,train2017
16335,000000016335.jpg,500,486,train2017
16342,000000016342.jpg,640,480,train2017
16343,000000016343.jpg,640,480,train2017
16344,000000016344.jpg,640,426,train2017
16346,000000016346.jpg,500,325,train2017
16355,000000016355.jpg,640,458,train2017
16356,000000016356.jpg,427,640,train2017
16359,000000016359.jpg,640,383,train2017
16360,000000016360.jpg,640,480,train2017
16361,000000016361.jpg,480,640,train2017
16362,000000016362.jpg,640,369,train2017
16364,000000016364.jpg,640,480,train2017
16377,000000016377.jpg,640,399,train2017
16382,000000016382.jpg,640,480,train2017
16383,000000016383.jpg,640,424,train2017
16403,000000016403.jpg,480,640,train2017
16408,000000016408.jpg,500,333,train2017
16410,000000016410.jpg,480,640,train2017
16412,000000016412.jpg,640,459,train2017
16414,000000016414.jpg,424,640,train2017
16418,000000016418.jpg,612,612,train2017
16424,000000016424.jpg,461,640,train2017
16432,000000016432.jpg,480,640,train2017
16448,000000016448.jpg,375,500,train2017
16449,000000016449.jpg,640,496,train2017
16458,000000016458.jpg,375,500,train2017
16465,000000016465.jpg,640,423,train2017
16466,000000016466.jpg,640,429,train2017
16468,000000016468.jpg,640,427,train2017
16470,000000016470.jpg,640,480,train2017
16483,000000016483.jpg,640,428,train2017
16486,000000016486.jpg,640,388,train2017
16491,000000016491.jpg,640,426,train2017
16494,000000016494.jpg,427,640,train2017
16496,000000016496.jpg,640,480,train2017
16497,000000016497.jpg,512,640,train2017
16499,000000016499.jpg,640,429,train2017
16509,000000016509.jpg,333,500,train2017
16513,000000016513.jpg,640,423,train2017
16518,000000016518.jpg,640,427,train2017
16520,000000016520.jpg,640,388,train2017
16521,000000016521.jpg,414,640,train2017
16523,000000016523.jpg,480,640,train2017
16525,000000016525.jpg,640,480,train2017
16526,000000016526.jpg,500,375,train2017
16531,000000016531.jpg,640,427,train2017
16538,000000016538.jpg,500,333,train2017
16543,000000016543.jpg,427,640,train2017
16544,000000016544.jpg,640,427,train2017
16546,000000016546.jpg,640,480,train2017
16547,000000016547.jpg,640,320,train2017
16556,000000016556.jpg,640,429,train2017
16567,000000016567.jpg,640,292,train2017
16573,000000016573.jpg,640,424,train2017
16574,000000016574.jpg,640,359,train2017
16575,000000016575.jpg,640,480,train2017
16578,000000016578.jpg,640,428,train2017
16590,000000016590.jpg,640,360,train2017
16593,000000016593.jpg,640,480,train2017
16599,000000016599.jpg,360,640,train2017
16605,000000016605.jpg,480,640,train2017
16606,000000016606.jpg,640,480,train2017
16616,000000016616.jpg,640,408,train2017
16629,000000016629.jpg,640,480,train2017
16631,000000016631.jpg,427,640,train2017
16653,000000016653.jpg,640,407,train2017
16659,000000016659.jpg,640,419,train2017
16660,000000016660.jpg,640,426,train2017
16664,000000016664.jpg,500,500,train2017
16665,000000016665.jpg,375,500,train2017
16669,000000016669.jpg,640,427,train2017
16670,000000016670.jpg,480,640,train2017
16672,000000016672.jpg,640,427,train2017
16673,000000016673.jpg,640,480,train2017
16677,000000016677.jpg,640,480,train2017
16680,000000016680.jpg,640,161,train2017
16683,000000016683.jpg,640,426,train2017
16689,000000016689.jpg,640,480,train2017
16693,000000016693.jpg,500,455,train2017
16697,000000016697.jpg,640,427,train2017
16701,000000016701.jpg,640,480,train2017
16704,000000016704.jpg,640,424,train2017
16706,000000016706.jpg,640,385,train2017
16715,000000016715.jpg,640,479,train2017
16716,000000016716.jpg,640,427,train2017
16720,000000016720.jpg,640,424,train2017
16725,000000016725.jpg,500,375,train2017
16730,000000016730.jpg,375,500,train2017
16732,000000016732.jpg,427,640,train2017
16733,000000016733.jpg,640,375,train2017
16735,000000016735.jpg,640,480,train2017
16737,000000016737.jpg,640,480,train2017
16741,000000016741.jpg,640,480,train2017
16744,000000016744.jpg,500,335,train2017
16755,000000016755.jpg,640,480,train2017
16757,000000016757.jpg,640,359,train2017
16758,000000016758.jpg,640,429,train2017
16759,000000016759.jpg,640,472,train2017
16761,000000016761.jpg,640,427,train2017
16764,000000016764.jpg,480,640,train2017
16765,000000016765.jpg,640,480,train2017
16773,000000016773.jpg,500,332,train2017
16775,000000016775.jpg,640,480,train2017
16776,000000016776.jpg,640,512,train2017
16784,000000016784.jpg,640,427,train2017
16796,000000016796.jpg,640,625,train2017
16805,000000016805.jpg,640,480,train2017
16814,000000016814.jpg,640,416,train2017
16817,000000016817.jpg,417,640,train2017
16823,000000016823.jpg,480,640,train2017
16825,000000016825.jpg,640,385,train2017
16827,000000016827.jpg,366,500,train2017
16831,000000016831.jpg,426,640,train2017
16836,000000016836.jpg,478,640,train2017
16837,000000016837.jpg,431,640,train2017
16838,000000016838.jpg,640,427,train2017
16839,000000016839.jpg,640,427,train2017
16848,000000016848.jpg,640,480,train2017
16857,000000016857.jpg,640,427,train2017
16870,000000016870.jpg,375,500,train2017
16875,000000016875.jpg,640,427,train2017
16879,000000016879.jpg,640,427,train2017
16890,000000016890.jpg,640,427,train2017
16896,000000016896.jpg,640,480,train2017
16897,000000016897.jpg,640,427,train2017
16898,000000016898.jpg,480,640,train2017
16902,000000016902.jpg,640,427,train2017
16903,000000016903.jpg,640,404,train2017
16905,000000016905.jpg,640,424,train2017
16928,000000016928.jpg,427,640,train2017
16931,000000016931.jpg,500,343,train2017
16935,000000016935.jpg,640,476,train2017
16950,000000016950.jpg,308,233,train2017
16955,000000016955.jpg,480,640,train2017
16957,000000016957.jpg,640,480,train2017
16959,000000016959.jpg,640,474,train2017
16961,000000016961.jpg,640,480,train2017
16963,000000016963.jpg,500,376,train2017
16964,000000016964.jpg,640,427,train2017
16977,000000016977.jpg,640,480,train2017
16980,000000016980.jpg,612,612,train2017
16995,000000016995.jpg,512,640,train2017
17003,000000017003.jpg,640,418,train2017
17004,000000017004.jpg,500,376,train2017
17018,000000017018.jpg,640,480,train2017
17047,000000017047.jpg,640,427,train2017
17055,000000017055.jpg,640,427,train2017
17057,000000017057.jpg,640,480,train2017
17065,000000017065.jpg,640,406,train2017
17068,000000017068.jpg,425,640,train2017
17073,000000017073.jpg,433,640,train2017
17076,000000017076.jpg,640,480,train2017
17078,000000017078.jpg,640,363,train2017
17089,000000017089.jpg,640,480,train2017
17095,000000017095.jpg,640,480,train2017
17096,000000017096.jpg,640,480,train2017
17100,000000017100.jpg,640,424,train2017
17105,000000017105.jpg,640,426,train2017
17106,000000017106.jpg,279,640,train2017
17108,000000017108.jpg,480,640,train2017
17137,000000017137.jpg,640,428,train2017
17147,000000017147.jpg,640,427,train2017
17152,000000017152.jpg,640,640,train2017
17153,000000017153.jpg,640,383,train2017
17154,000000017154.jpg,640,427,train2017
17166,000000017166.jpg,428,640,train2017
17167,000000017167.jpg,640,425,train2017
17170,000000017170.jpg,640,512,train2017
17171,000000017171.jpg,640,417,train2017
17174,000000017174.jpg,631,640,train2017
17179,000000017179.jpg,640,425,train2017
17180,000000017180.jpg,640,427,train2017
17181,000000017181.jpg,427,640,train2017
17183,000000017183.jpg,480,640,train2017
17192,000000017192.jpg,640,427,train2017
17198,000000017198.jpg,640,383,train2017
17203,000000017203.jpg,443,448,train2017
17205,000000017205.jpg,441,640,train2017
17206,000000017206.jpg,640,429,train2017
17210,000000017210.jpg,612,612,train2017
17216,000000017216.jpg,612,612,train2017
17226,000000017226.jpg,640,429,train2017
17235,000000017235.jpg,461,640,train2017
17236,000000017236.jpg,640,421,train2017
17244,000000017244.jpg,427,640,train2017
17260,000000017260.jpg,640,384,train2017
17267,000000017267.jpg,480,640,train2017
17272,000000017272.jpg,640,426,train2017
17273,000000017273.jpg,640,429,train2017
17282,000000017282.jpg,640,480,train2017
17301,000000017301.jpg,361,640,train2017
17305,000000017305.jpg,640,425,train2017
17308,000000017308.jpg,491,640,train2017
17311,000000017311.jpg,640,480,train2017
17312,000000017312.jpg,640,480,train2017
17313,000000017313.jpg,640,480,train2017
17316,000000017316.jpg,321,479,train2017
17320,000000017320.jpg,640,427,train2017
17324,000000017324.jpg,640,447,train2017
17325,000000017325.jpg,429,640,train2017
17328,000000017328.jpg,640,426,train2017
17345,000000017345.jpg,640,480,train2017
17350,000000017350.jpg,640,480,train2017
17352,000000017352.jpg,640,480,train2017
17355,000000017355.jpg,640,480,train2017
17356,000000017356.jpg,426,640,train2017
17364,000000017364.jpg,640,428,train2017
17365,000000017365.jpg,640,480,train2017
17366,000000017366.jpg,640,480,train2017
17376,000000017376.jpg,454,640,train2017
17392,000000017392.jpg,640,361,train2017
17399,000000017399.jpg,427,640,train2017
17401,000000017401.jpg,640,480,train2017
17409,000000017409.jpg,425,640,train2017
17413,000000017413.jpg,426,640,train2017
17420,000000017420.jpg,640,423,train2017
17425,000000017425.jpg,640,480,train2017
17429,000000017429.jpg,480,640,train2017
17432,000000017432.jpg,612,612,train2017
17438,000000017438.jpg,640,425,train2017
17449,000000017449.jpg,640,427,train2017
17450,000000017450.jpg,640,520,train2017
17451,000000017451.jpg,640,594,train2017
17460,000000017460.jpg,640,404,train2017
17463,000000017463.jpg,640,427,train2017
17468,000000017468.jpg,640,480,train2017
17472,000000017472.jpg,640,424,train2017
17474,000000017474.jpg,640,427,train2017
17476,000000017476.jpg,640,427,train2017
17481,000000017481.jpg,480,640,train2017
17482,000000017482.jpg,640,480,train2017
17483,000000017483.jpg,640,396,train2017
17484,000000017484.jpg,427,640,train2017
17487,000000017487.jpg,640,426,train2017
17488,000000017488.jpg,640,428,train2017
17489,000000017489.jpg,640,585,train2017
17520,000000017520.jpg,640,426,train2017
17526,000000017526.jpg,427,640,train2017
17534,000000017534.jpg,360,640,train2017
17545,000000017545.jpg,334,500,train2017
17551,000000017551.jpg,480,640,train2017
17553,000000017553.jpg,480,640,train2017
17559,000000017559.jpg,640,427,train2017
17560,000000017560.jpg,500,375,train2017
17566,000000017566.jpg,427,640,train2017
17570,000000017570.jpg,640,424,train2017
17573,000000017573.jpg,375,500,train2017
17578,000000017578.jpg,640,424,train2017
17580,000000017580.jpg,480,640,train2017
17582,000000017582.jpg,350,233,train2017
17583,000000017583.jpg,424,640,train2017
17585,000000017585.jpg,640,427,train2017
17586,000000017586.jpg,640,640,train2017
17587,000000017587.jpg,640,424,train2017
17590,000000017590.jpg,640,427,train2017
17591,000000017591.jpg,640,428,train2017
17600,000000017600.jpg,350,450,train2017
17602,000000017602.jpg,640,480,train2017
17604,000000017604.jpg,640,429,train2017
17613,000000017613.jpg,640,480,train2017
17625,000000017625.jpg,640,428,train2017
17629,000000017629.jpg,385,500,train2017
17644,000000017644.jpg,640,429,train2017
17651,000000017651.jpg,640,471,train2017
17655,000000017655.jpg,500,375,train2017
17667,000000017667.jpg,640,480,train2017
17675,000000017675.jpg,640,480,train2017
17676,000000017676.jpg,500,375,train2017
17683,000000017683.jpg,640,362,train2017
17696,000000017696.jpg,640,427,train2017
17697,000000017697.jpg,612,612,train2017
17703,000000017703.jpg,640,341,train2017
17707,000000017707.jpg,425,640,train2017
17708,000000017708.jpg,640,480,train2017
17712,000000017712.jpg,640,427,train2017
17715,000000017715.jpg,640,439,train2017
17717,000000017717.jpg,500,375,train2017
17741,000000017741.jpg,640,523,train2017
17751,000000017751.jpg,500,333,train2017
17755,000000017755.jpg,427,640,train2017
17756,000000017756.jpg,640,480,train2017
17760,000000017760.jpg,500,397,train2017
17761,000000017761.jpg,480,640,train2017
17766,000000017766.jpg,427,640,train2017
17769,000000017769.jpg,512,640,train2017
17776,000000017776.jpg,427,640,train2017
17778,000000017778.jpg,640,640,train2017
17791,000000017791.jpg,375,500,train2017
17799,000000017799.jpg,640,427,train2017
17810,000000017810.jpg,640,480,train2017
17817,000000017817.jpg,640,480,train2017
17839,000000017839.jpg,640,480,train2017
17856,000000017856.jpg,426,640,train2017
17858,000000017858.jpg,640,480,train2017
17859,000000017859.jpg,640,640,train2017
17866,000000017866.jpg,375,500,train2017
17867,000000017867.jpg,640,427,train2017
17869,000000017869.jpg,640,480,train2017
17870,000000017870.jpg,640,480,train2017
17873,000000017873.jpg,640,480,train2017
17877,000000017877.jpg,480,640,train2017
17882,000000017882.jpg,480,640,train2017
17883,000000017883.jpg,427,640,train2017
17890,000000017890.jpg,640,441,train2017
17892,000000017892.jpg,427,640,train2017
17896,000000017896.jpg,640,512,train2017
17909,000000017909.jpg,479,640,train2017
17914,000000017914.jpg,500,375,train2017
17921,000000017921.jpg,480,640,train2017
17923,000000017923.jpg,640,427,train2017
17927,000000017927.jpg,640,427,train2017
17935,000000017935.jpg,640,427,train2017
17936,000000017936.jpg,640,428,train2017
17938,000000017938.jpg,640,640,train2017
17944,000000017944.jpg,427,640,train2017
17945,000000017945.jpg,640,360,train2017
17946,000000017946.jpg,480,640,train2017
17953,000000017953.jpg,640,427,train2017
17954,000000017954.jpg,500,355,train2017
17962,000000017962.jpg,640,480,train2017
17966,000000017966.jpg,640,480,train2017
17967,000000017967.jpg,640,480,train2017
17972,000000017972.jpg,500,456,train2017
17975,000000017975.jpg,480,640,train2017
17984,000000017984.jpg,640,429,train2017
17985,000000017985.jpg,640,480,train2017
17997,000000017997.jpg,640,327,train2017
18000,000000018000.jpg,640,427,train2017
18006,000000018006.jpg,640,427,train2017
18011,000000018011.jpg,500,375,train2017
18014,000000018014.jpg,640,640,train2017
18020,000000018020.jpg,566,640,train2017
18022,000000018022.jpg,640,424,train2017
18029,000000018029.jpg,422,640,train2017
18040,000000018040.jpg,500,312,train2017
18041,000000018041.jpg,640,480,train2017
18045,000000018045.jpg,640,480,train2017
18046,000000018046.jpg,640,447,train2017
18048,000000018048.jpg,427,640,train2017
18058,000000018058.jpg,375,500,train2017
18059,000000018059.jpg,480,640,train2017
18072,000000018072.jpg,500,487,train2017
18073,000000018073.jpg,640,427,train2017
18075,000000018075.jpg,427,640,train2017
18078,000000018078.jpg,427,640,train2017
18089,000000018089.jpg,478,640,train2017
18090,000000018090.jpg,640,426,train2017
18093,000000018093.jpg,640,427,train2017
18098,000000018098.jpg,640,458,train2017
18099,000000018099.jpg,640,427,train2017
18111,000000018111.jpg,640,480,train2017
18127,000000018127.jpg,335,500,train2017
18136,000000018136.jpg,640,428,train2017
18148,000000018148.jpg,640,424,train2017
18149,000000018149.jpg,640,360,train2017
18155,000000018155.jpg,500,333,train2017
18157,000000018157.jpg,640,480,train2017
18158,000000018158.jpg,640,361,train2017
18171,000000018171.jpg,640,428,train2017
18179,000000018179.jpg,640,463,train2017
18183,000000018183.jpg,640,480,train2017
18191,000000018191.jpg,363,500,train2017
18194,000000018194.jpg,640,427,train2017
18201,000000018201.jpg,640,424,train2017
18211,000000018211.jpg,640,480,train2017
18214,000000018214.jpg,640,480,train2017
18217,000000018217.jpg,640,524,train2017
18224,000000018224.jpg,640,480,train2017
18233,000000018233.jpg,480,640,train2017
18239,000000018239.jpg,640,356,train2017
18241,000000018241.jpg,640,480,train2017
18244,000000018244.jpg,612,612,train2017
18250,000000018250.jpg,427,640,train2017
18252,000000018252.jpg,640,427,train2017
18256,000000018256.jpg,640,480,train2017
18265,000000018265.jpg,500,359,train2017
18267,000000018267.jpg,640,427,train2017
18270,000000018270.jpg,640,425,train2017
18276,000000018276.jpg,640,427,train2017
18290,000000018290.jpg,640,379,train2017
18291,000000018291.jpg,631,640,train2017
18292,000000018292.jpg,640,480,train2017
18293,000000018293.jpg,640,480,train2017
18294,000000018294.jpg,395,640,train2017
18295,000000018295.jpg,640,427,train2017
18299,000000018299.jpg,640,427,train2017
18309,000000018309.jpg,640,424,train2017
18312,000000018312.jpg,640,480,train2017
18316,000000018316.jpg,640,480,train2017
18317,000000018317.jpg,612,612,train2017
18319,000000018319.jpg,640,480,train2017
18327,000000018327.jpg,356,500,train2017
18333,000000018333.jpg,640,359,train2017
18336,000000018336.jpg,480,640,train2017
18347,000000018347.jpg,640,480,train2017
18350,000000018350.jpg,429,640,train2017
18358,000000018358.jpg,493,640,train2017
18359,000000018359.jpg,640,411,train2017
18366,000000018366.jpg,640,480,train2017
18367,000000018367.jpg,480,640,train2017
18370,000000018370.jpg,640,479,train2017
18373,000000018373.jpg,480,640,train2017
18375,000000018375.jpg,640,427,train2017
18377,000000018377.jpg,480,640,train2017
18385,000000018385.jpg,640,426,train2017
18389,000000018389.jpg,640,427,train2017
18394,000000018394.jpg,640,480,train2017
18395,000000018395.jpg,210,640,train2017
18396,000000018396.jpg,640,597,train2017
18401,000000018401.jpg,640,528,train2017
18402,000000018402.jpg,640,427,train2017
18412,000000018412.jpg,640,427,train2017
18414,000000018414.jpg,640,431,train2017
18418,000000018418.jpg,640,427,train2017
18424,000000018424.jpg,480,640,train2017
18425,000000018425.jpg,640,480,train2017
18426,000000018426.jpg,640,480,train2017
18432,000000018432.jpg,480,640,train2017
18439,000000018439.jpg,640,480,train2017
18441,000000018441.jpg,640,569,train2017
18442,000000018442.jpg,640,480,train2017
18444,000000018444.jpg,640,427,train2017
18450,000000018450.jpg,480,640,train2017
18457,000000018457.jpg,640,428,train2017
18460,000000018460.jpg,640,480,train2017
18461,000000018461.jpg,479,640,train2017
18462,000000018462.jpg,480,640,train2017
18464,000000018464.jpg,500,500,train2017
18466,000000018466.jpg,500,375,train2017
18467,000000018467.jpg,640,426,train2017
18473,000000018473.jpg,640,480,train2017
18475,000000018475.jpg,304,640,train2017
18476,000000018476.jpg,500,347,train2017
18480,000000018480.jpg,640,427,train2017
18482,000000018482.jpg,480,640,train2017
18485,000000018485.jpg,640,480,train2017
18490,000000018490.jpg,500,330,train2017
18495,000000018495.jpg,640,480,train2017
18496,000000018496.jpg,640,640,train2017
18501,000000018501.jpg,375,500,train2017
18505,000000018505.jpg,500,314,train2017
18507,000000018507.jpg,512,640,train2017
18513,000000018513.jpg,444,640,train2017
18523,000000018523.jpg,426,640,train2017
18525,000000018525.jpg,640,573,train2017
18529,000000018529.jpg,289,350,train2017
18530,000000018530.jpg,640,435,train2017
18531,000000018531.jpg,638,640,train2017
18534,000000018534.jpg,640,427,train2017
18535,000000018535.jpg,640,480,train2017
18542,000000018542.jpg,640,625,train2017
18553,000000018553.jpg,640,480,train2017
18554,000000018554.jpg,427,640,train2017
18555,000000018555.jpg,500,375,train2017
18557,000000018557.jpg,640,354,train2017
18559,000000018559.jpg,480,640,train2017
18563,000000018563.jpg,528,512,train2017
18564,000000018564.jpg,640,599,train2017
18571,000000018571.jpg,640,424,train2017
18584,000000018584.jpg,480,640,train2017
18601,000000018601.jpg,500,332,train2017
18605,000000018605.jpg,640,428,train2017
18614,000000018614.jpg,500,335,train2017
18627,000000018627.jpg,640,480,train2017
18633,000000018633.jpg,640,324,train2017
18641,000000018641.jpg,640,480,train2017
18647,000000018647.jpg,640,427,train2017
18654,000000018654.jpg,640,427,train2017
18656,000000018656.jpg,640,359,train2017
18658,000000018658.jpg,640,480,train2017
18661,000000018661.jpg,640,494,train2017
18666,000000018666.jpg,424,640,train2017
18670,000000018670.jpg,640,464,train2017
18683,000000018683.jpg,640,494,train2017
18687,000000018687.jpg,640,480,train2017
18688,000000018688.jpg,480,640,train2017
18691,000000018691.jpg,640,428,train2017
18699,000000018699.jpg,640,480,train2017
18702,000000018702.jpg,640,358,train2017
18704,000000018704.jpg,640,427,train2017
18723,000000018723.jpg,640,326,train2017
18728,000000018728.jpg,640,480,train2017
18736,000000018736.jpg,423,640,train2017
18743,000000018743.jpg,500,375,train2017
18748,000000018748.jpg,640,480,train2017
18750,000000018750.jpg,500,403,train2017
18751,000000018751.jpg,440,640,train2017
18766,000000018766.jpg,640,426,train2017
18771,000000018771.jpg,500,333,train2017
18773,000000018773.jpg,361,640,train2017
18775,000000018775.jpg,426,640,train2017
18780,000000018780.jpg,640,480,train2017
18781,000000018781.jpg,500,375,train2017
18783,000000018783.jpg,640,525,train2017
18785,000000018785.jpg,480,640,train2017
18792,000000018792.jpg,640,426,train2017
18794,000000018794.jpg,420,640,train2017
18801,000000018801.jpg,427,640,train2017
18802,000000018802.jpg,640,480,train2017
18809,000000018809.jpg,640,486,train2017
18811,000000018811.jpg,640,611,train2017
18816,000000018816.jpg,640,480,train2017
18819,000000018819.jpg,640,425,train2017
18820,000000018820.jpg,590,397,train2017
18824,000000018824.jpg,640,427,train2017
18839,000000018839.jpg,612,612,train2017
18841,000000018841.jpg,500,336,train2017
18862,000000018862.jpg,640,427,train2017
18864,000000018864.jpg,500,333,train2017
18866,000000018866.jpg,477,358,train2017
18873,000000018873.jpg,500,311,train2017
18874,000000018874.jpg,500,375,train2017
18882,000000018882.jpg,480,640,train2017
18885,000000018885.jpg,640,480,train2017
18886,000000018886.jpg,640,425,train2017
18888,000000018888.jpg,640,480,train2017
18893,000000018893.jpg,500,375,train2017
18896,000000018896.jpg,480,640,train2017
18903,000000018903.jpg,640,480,train2017
18908,000000018908.jpg,500,144,train2017
18916,000000018916.jpg,640,427,train2017
18917,000000018917.jpg,640,436,train2017
18918,000000018918.jpg,640,480,train2017
18928,000000018928.jpg,332,500,train2017
18930,000000018930.jpg,425,640,train2017
18934,000000018934.jpg,334,500,train2017
18935,000000018935.jpg,640,512,train2017
18938,000000018938.jpg,640,427,train2017
18940,000000018940.jpg,480,640,train2017
18942,000000018942.jpg,640,480,train2017
18952,000000018952.jpg,640,480,train2017
18956,000000018956.jpg,424,640,train2017
18957,000000018957.jpg,640,557,train2017
18958,000000018958.jpg,640,431,train2017
18973,000000018973.jpg,640,490,train2017
18975,000000018975.jpg,640,390,train2017
18982,000000018982.jpg,640,480,train2017
18983,000000018983.jpg,335,479,train2017
18994,000000018994.jpg,500,333,train2017
19002,000000019002.jpg,480,640,train2017
19013,000000019013.jpg,480,640,train2017
19015,000000019015.jpg,426,640,train2017
19022,000000019022.jpg,640,424,train2017
19023,000000019023.jpg,640,528,train2017
19025,000000019025.jpg,640,478,train2017
19028,000000019028.jpg,428,640,train2017
19032,000000019032.jpg,640,441,train2017
19036,000000019036.jpg,640,427,train2017
19037,000000019037.jpg,640,359,train2017
19047,000000019047.jpg,640,480,train2017
19060,000000019060.jpg,640,480,train2017
19062,000000019062.jpg,480,640,train2017
19074,000000019074.jpg,640,480,train2017
19079,000000019079.jpg,500,420,train2017
19085,000000019085.jpg,640,480,train2017
19087,000000019087.jpg,640,427,train2017
19090,000000019090.jpg,640,425,train2017
19093,000000019093.jpg,480,640,train2017
19096,000000019096.jpg,500,331,train2017
19102,000000019102.jpg,640,480,train2017
19123,000000019123.jpg,480,640,train2017
19129,000000019129.jpg,640,406,train2017
19131,000000019131.jpg,640,428,train2017
19132,000000019132.jpg,640,480,train2017
19134,000000019134.jpg,640,511,train2017
19136,000000019136.jpg,640,427,train2017
19142,000000019142.jpg,480,640,train2017
19145,000000019145.jpg,480,640,train2017
19146,000000019146.jpg,500,335,train2017
19151,000000019151.jpg,480,640,train2017
19157,000000019157.jpg,640,456,train2017
19158,000000019158.jpg,640,480,train2017
19160,000000019160.jpg,425,640,train2017
19167,000000019167.jpg,432,499,train2017
19176,000000019176.jpg,640,480,train2017
19181,000000019181.jpg,426,640,train2017
19182,000000019182.jpg,640,375,train2017
19184,000000019184.jpg,425,640,train2017
19185,000000019185.jpg,408,500,train2017
19193,000000019193.jpg,640,425,train2017
19194,000000019194.jpg,500,375,train2017
19198,000000019198.jpg,640,424,train2017
19202,000000019202.jpg,500,375,train2017
19226,000000019226.jpg,425,640,train2017
19227,000000019227.jpg,640,480,train2017
19236,000000019236.jpg,427,640,train2017
19238,000000019238.jpg,640,485,train2017
19239,000000019239.jpg,640,480,train2017
19240,000000019240.jpg,427,640,train2017
19247,000000019247.jpg,480,640,train2017
19250,000000019250.jpg,640,480,train2017
19251,000000019251.jpg,640,283,train2017
19253,000000019253.jpg,640,568,train2017
19275,000000019275.jpg,612,612,train2017
19292,000000019292.jpg,640,480,train2017
19304,000000019304.jpg,500,375,train2017
19306,000000019306.jpg,640,428,train2017
19308,000000019308.jpg,640,427,train2017
19313,000000019313.jpg,427,640,train2017
19318,000000019318.jpg,593,640,train2017
19320,000000019320.jpg,425,640,train2017
19322,000000019322.jpg,612,612,train2017
19324,000000019324.jpg,640,428,train2017
19329,000000019329.jpg,640,427,train2017
19333,000000019333.jpg,640,486,train2017
19338,000000019338.jpg,480,640,train2017
19349,000000019349.jpg,640,413,train2017
19351,000000019351.jpg,480,640,train2017
19358,000000019358.jpg,640,426,train2017
19374,000000019374.jpg,640,428,train2017
19375,000000019375.jpg,640,541,train2017
19380,000000019380.jpg,480,640,train2017
19385,000000019385.jpg,640,425,train2017
19387,000000019387.jpg,640,406,train2017
19388,000000019388.jpg,480,640,train2017
19391,000000019391.jpg,480,640,train2017
19394,000000019394.jpg,640,480,train2017
19397,000000019397.jpg,600,600,train2017
19399,000000019399.jpg,640,431,train2017
19404,000000019404.jpg,640,427,train2017
19413,000000019413.jpg,640,425,train2017
19428,000000019428.jpg,640,426,train2017
19431,000000019431.jpg,500,354,train2017
19435,000000019435.jpg,640,428,train2017
19441,000000019441.jpg,480,640,train2017
19443,000000019443.jpg,640,359,train2017
19444,000000019444.jpg,457,640,train2017
19446,000000019446.jpg,640,426,train2017
19447,000000019447.jpg,640,428,train2017
19448,000000019448.jpg,500,328,train2017
19450,000000019450.jpg,640,480,train2017
19451,000000019451.jpg,428,640,train2017
19455,000000019455.jpg,640,427,train2017
19456,000000019456.jpg,640,480,train2017
19463,000000019463.jpg,640,427,train2017
19471,000000019471.jpg,640,426,train2017
19472,000000019472.jpg,394,500,train2017
19484,000000019484.jpg,375,500,train2017
19487,000000019487.jpg,640,429,train2017
19489,000000019489.jpg,640,425,train2017
19491,000000019491.jpg,333,500,train2017
19496,000000019496.jpg,480,640,train2017
19499,000000019499.jpg,500,485,train2017
19501,000000019501.jpg,640,480,train2017
19523,000000019523.jpg,640,480,train2017
19528,000000019528.jpg,640,480,train2017
19532,000000019532.jpg,640,640,train2017
19534,000000019534.jpg,480,640,train2017
19542,000000019542.jpg,500,375,train2017
19544,000000019544.jpg,640,480,train2017
19546,000000019546.jpg,640,480,train2017
19552,000000019552.jpg,464,640,train2017
19558,000000019558.jpg,640,427,train2017
19559,000000019559.jpg,500,500,train2017
19579,000000019579.jpg,500,375,train2017
19581,000000019581.jpg,640,480,train2017
19589,000000019589.jpg,500,281,train2017
19592,000000019592.jpg,640,427,train2017
19594,000000019594.jpg,427,640,train2017
19608,000000019608.jpg,427,640,train2017
19609,000000019609.jpg,612,612,train2017
19622,000000019622.jpg,411,600,train2017
19624,000000019624.jpg,640,480,train2017
19631,000000019631.jpg,640,480,train2017
19635,000000019635.jpg,640,480,train2017
19637,000000019637.jpg,640,427,train2017
19642,000000019642.jpg,427,640,train2017
19647,000000019647.jpg,640,428,train2017
19663,000000019663.jpg,427,640,train2017
19665,000000019665.jpg,500,376,train2017
19667,000000019667.jpg,640,640,train2017
19671,000000019671.jpg,640,425,train2017
19675,000000019675.jpg,640,482,train2017
19681,000000019681.jpg,640,427,train2017
19694,000000019694.jpg,640,480,train2017
19695,000000019695.jpg,640,480,train2017
19698,000000019698.jpg,640,480,train2017
19707,000000019707.jpg,640,480,train2017
19711,000000019711.jpg,480,640,train2017
19712,000000019712.jpg,640,428,train2017
19714,000000019714.jpg,415,600,train2017
19716,000000019716.jpg,427,640,train2017
19719,000000019719.jpg,640,595,train2017
19723,000000019723.jpg,480,640,train2017
19725,000000019725.jpg,640,480,train2017
19737,000000019737.jpg,640,425,train2017
19738,000000019738.jpg,640,428,train2017
19739,000000019739.jpg,640,427,train2017
19753,000000019753.jpg,478,640,train2017
19754,000000019754.jpg,424,640,train2017
19755,000000019755.jpg,640,427,train2017
19756,000000019756.jpg,640,314,train2017
19759,000000019759.jpg,640,441,train2017
19763,000000019763.jpg,640,480,train2017
19766,000000019766.jpg,640,387,train2017
19767,000000019767.jpg,640,640,train2017
19769,000000019769.jpg,640,427,train2017
19781,000000019781.jpg,330,500,train2017
19783,000000019783.jpg,500,380,train2017
19789,000000019789.jpg,427,640,train2017
19793,000000019793.jpg,480,640,train2017
19794,000000019794.jpg,427,640,train2017
19797,000000019797.jpg,500,333,train2017
19817,000000019817.jpg,427,640,train2017
19818,000000019818.jpg,480,640,train2017
19828,000000019828.jpg,640,480,train2017
19836,000000019836.jpg,640,426,train2017
19838,000000019838.jpg,480,640,train2017
19845,000000019845.jpg,640,537,train2017
19852,000000019852.jpg,640,481,train2017
19863,000000019863.jpg,640,426,train2017
19871,000000019871.jpg,527,640,train2017
19874,000000019874.jpg,480,640,train2017
19881,000000019881.jpg,375,500,train2017
19888,000000019888.jpg,640,427,train2017
19890,000000019890.jpg,640,480,train2017
19899,000000019899.jpg,640,360,train2017
19901,000000019901.jpg,413,640,train2017
19904,000000019904.jpg,640,425,train2017
19905,000000019905.jpg,640,427,train2017
19906,000000019906.jpg,640,480,train2017
19916,000000019916.jpg,612,612,train2017
19918,000000019918.jpg,640,640,train2017
19923,000000019923.jpg,500,334,train2017
19926,000000019926.jpg,640,480,train2017
19927,000000019927.jpg,640,479,train2017
19929,000000019929.jpg,640,414,train2017
19932,000000019932.jpg,640,480,train2017
19938,000000019938.jpg,640,489,train2017
19941,000000019941.jpg,427,640,train2017
19949,000000019949.jpg,496,640,train2017
19955,000000019955.jpg,640,428,train2017
19957,000000019957.jpg,375,500,train2017
19959,000000019959.jpg,620,450,train2017
19962,000000019962.jpg,640,640,train2017
19964,000000019964.jpg,640,639,train2017
19967,000000019967.jpg,500,333,train2017
19974,000000019974.jpg,600,411,train2017
19980,000000019980.jpg,640,480,train2017
19981,000000019981.jpg,640,480,train2017
19987,000000019987.jpg,640,431,train2017
19994,000000019994.jpg,640,480,train2017
20001,000000020001.jpg,531,640,train2017
20004,000000020004.jpg,427,640,train2017
20012,000000020012.jpg,375,500,train2017
20013,000000020013.jpg,479,640,train2017
20018,000000020018.jpg,426,640,train2017
20030,000000020030.jpg,640,480,train2017
20031,000000020031.jpg,640,480,train2017
20038,000000020038.jpg,640,480,train2017
20039,000000020039.jpg,640,426,train2017
20044,000000020044.jpg,500,375,train2017
20046,000000020046.jpg,489,640,train2017
20052,000000020052.jpg,500,334,train2017
20063,000000020063.jpg,427,640,train2017
20069,000000020069.jpg,375,500,train2017
20070,000000020070.jpg,500,375,train2017
20087,000000020087.jpg,612,612,train2017
20090,000000020090.jpg,640,425,train2017
20104,000000020104.jpg,640,360,train2017
20106,000000020106.jpg,640,425,train2017
20111,000000020111.jpg,640,428,train2017
20119,000000020119.jpg,640,427,train2017
20133,000000020133.jpg,640,480,train2017
20136,000000020136.jpg,640,478,train2017
20137,000000020137.jpg,640,480,train2017
20145,000000020145.jpg,480,640,train2017
20146,000000020146.jpg,640,478,train2017
20147,000000020147.jpg,640,479,train2017
20150,000000020150.jpg,500,332,train2017
20156,000000020156.jpg,640,429,train2017
20157,000000020157.jpg,359,640,train2017
20161,000000020161.jpg,640,480,train2017
20164,000000020164.jpg,640,429,train2017
20168,000000020168.jpg,640,480,train2017
20171,000000020171.jpg,480,640,train2017
20172,000000020172.jpg,640,480,train2017
20175,000000020175.jpg,500,375,train2017
20177,000000020177.jpg,640,426,train2017
20178,000000020178.jpg,640,480,train2017
20179,000000020179.jpg,640,386,train2017
20182,000000020182.jpg,640,480,train2017
20184,000000020184.jpg,640,360,train2017
20188,000000020188.jpg,451,640,train2017
20193,000000020193.jpg,640,428,train2017
20202,000000020202.jpg,480,640,train2017
20207,000000020207.jpg,640,480,train2017
20213,000000020213.jpg,640,480,train2017
20221,000000020221.jpg,640,480,train2017
20245,000000020245.jpg,640,424,train2017
20251,000000020251.jpg,640,427,train2017
20253,000000020253.jpg,640,426,train2017
20254,000000020254.jpg,640,480,train2017
20255,000000020255.jpg,640,480,train2017
20261,000000020261.jpg,361,500,train2017
20268,000000020268.jpg,640,480,train2017
20273,000000020273.jpg,640,480,train2017
20276,000000020276.jpg,640,428,train2017
20279,000000020279.jpg,640,480,train2017
20281,000000020281.jpg,640,501,train2017
20289,000000020289.jpg,625,330,train2017
20291,000000020291.jpg,427,640,train2017
20305,000000020305.jpg,500,359,train2017
20307,000000020307.jpg,500,500,train2017
20308,000000020308.jpg,640,424,train2017
20311,000000020311.jpg,640,425,train2017
20315,000000020315.jpg,640,424,train2017
20334,000000020334.jpg,640,480,train2017
20342,000000020342.jpg,640,640,train2017
20349,000000020349.jpg,479,640,train2017
20355,000000020355.jpg,640,426,train2017
20362,000000020362.jpg,640,454,train2017
20367,000000020367.jpg,428,640,train2017
20371,000000020371.jpg,501,640,train2017
20376,000000020376.jpg,640,427,train2017
20380,000000020380.jpg,612,612,train2017
20381,000000020381.jpg,640,425,train2017
20384,000000020384.jpg,640,480,train2017
20389,000000020389.jpg,333,500,train2017
20391,000000020391.jpg,612,612,train2017
20392,000000020392.jpg,500,329,train2017
20395,000000020395.jpg,480,640,train2017
20398,000000020398.jpg,335,500,train2017
20403,000000020403.jpg,640,480,train2017
20410,000000020410.jpg,640,480,train2017
20414,000000020414.jpg,640,428,train2017
20417,000000020417.jpg,640,480,train2017
20418,000000020418.jpg,640,480,train2017
20420,000000020420.jpg,640,426,train2017
20421,000000020421.jpg,640,480,train2017
20434,000000020434.jpg,640,426,train2017
20436,000000020436.jpg,480,640,train2017
20438,000000020438.jpg,375,500,train2017
20444,000000020444.jpg,640,391,train2017
20446,000000020446.jpg,640,409,train2017
20450,000000020450.jpg,640,426,train2017
20456,000000020456.jpg,500,375,train2017
20459,000000020459.jpg,640,458,train2017
20460,000000020460.jpg,640,640,train2017
20464,000000020464.jpg,640,472,train2017
20465,000000020465.jpg,640,426,train2017
20470,000000020470.jpg,640,480,train2017
20475,000000020475.jpg,427,640,train2017
20481,000000020481.jpg,640,427,train2017
20485,000000020485.jpg,640,480,train2017
20487,000000020487.jpg,375,500,train2017
20489,000000020489.jpg,480,640,train2017
20490,000000020490.jpg,640,640,train2017
20491,000000020491.jpg,640,640,train2017
20509,000000020509.jpg,640,480,train2017
20512,000000020512.jpg,640,480,train2017
20513,000000020513.jpg,480,640,train2017
20515,000000020515.jpg,640,480,train2017
20517,000000020517.jpg,640,427,train2017
20524,000000020524.jpg,500,281,train2017
20527,000000020527.jpg,480,640,train2017
20528,000000020528.jpg,640,428,train2017
20536,000000020536.jpg,480,640,train2017
20540,000000020540.jpg,429,640,train2017
20541,000000020541.jpg,329,500,train2017
20542,000000020542.jpg,500,375,train2017
20549,000000020549.jpg,640,501,train2017
20556,000000020556.jpg,500,375,train2017
20561,000000020561.jpg,480,640,train2017
20563,000000020563.jpg,480,640,train2017
20570,000000020570.jpg,500,373,train2017
20575,000000020575.jpg,419,640,train2017
20576,000000020576.jpg,640,480,train2017
20579,000000020579.jpg,640,427,train2017
20583,000000020583.jpg,375,500,train2017
20588,000000020588.jpg,640,480,train2017
20598,000000020598.jpg,640,424,train2017
20599,000000020599.jpg,427,640,train2017
20601,000000020601.jpg,500,375,train2017
20608,000000020608.jpg,640,480,train2017
20611,000000020611.jpg,640,513,train2017
20613,000000020613.jpg,640,480,train2017
20619,000000020619.jpg,640,480,train2017
20629,000000020629.jpg,640,476,train2017
20632,000000020632.jpg,521,640,train2017
20640,000000020640.jpg,424,640,train2017
20641,000000020641.jpg,640,480,train2017
20644,000000020644.jpg,640,314,train2017
20646,000000020646.jpg,640,480,train2017
20650,000000020650.jpg,640,480,train2017
20651,000000020651.jpg,640,360,train2017
20652,000000020652.jpg,500,375,train2017
20671,000000020671.jpg,640,480,train2017
20677,000000020677.jpg,500,375,train2017
20679,000000020679.jpg,478,640,train2017
20692,000000020692.jpg,612,612,train2017
20698,000000020698.jpg,480,640,train2017
20701,000000020701.jpg,640,480,train2017
20702,000000020702.jpg,480,640,train2017
20707,000000020707.jpg,427,640,train2017
20711,000000020711.jpg,640,426,train2017
20720,000000020720.jpg,640,640,train2017
20727,000000020727.jpg,612,612,train2017
20742,000000020742.jpg,424,640,train2017
20747,000000020747.jpg,500,333,train2017
20748,000000020748.jpg,640,480,train2017
20757,000000020757.jpg,640,480,train2017
20760,000000020760.jpg,480,640,train2017
20765,000000020765.jpg,426,640,train2017
20768,000000020768.jpg,640,480,train2017
20769,000000020769.jpg,640,480,train2017
20770,000000020770.jpg,640,480,train2017
20774,000000020774.jpg,640,427,train2017
20777,000000020777.jpg,640,418,train2017
20779,000000020779.jpg,640,480,train2017
20781,000000020781.jpg,640,426,train2017
20784,000000020784.jpg,640,480,train2017
20788,000000020788.jpg,426,640,train2017
20794,000000020794.jpg,640,427,train2017
20795,000000020795.jpg,480,640,train2017
20796,000000020796.jpg,480,640,train2017
20809,000000020809.jpg,500,333,train2017
20818,000000020818.jpg,640,427,train2017
20820,000000020820.jpg,480,640,train2017
20825,000000020825.jpg,640,424,train2017
20837,000000020837.jpg,640,480,train2017
20839,000000020839.jpg,640,409,train2017
20849,000000020849.jpg,640,541,train2017
20853,000000020853.jpg,640,489,train2017
20857,000000020857.jpg,640,480,train2017
20860,000000020860.jpg,359,500,train2017
20882,000000020882.jpg,640,427,train2017
20888,000000020888.jpg,640,480,train2017
20903,000000020903.jpg,640,425,train2017
20904,000000020904.jpg,427,640,train2017
20906,000000020906.jpg,426,640,train2017
20908,000000020908.jpg,612,612,train2017
20912,000000020912.jpg,500,375,train2017
20913,000000020913.jpg,640,480,train2017
20915,000000020915.jpg,375,500,train2017
20917,000000020917.jpg,640,413,train2017
20925,000000020925.jpg,640,480,train2017
20929,000000020929.jpg,479,640,train2017
20935,000000020935.jpg,640,479,train2017
20947,000000020947.jpg,640,404,train2017
20962,000000020962.jpg,428,640,train2017
20965,000000020965.jpg,333,500,train2017
20966,000000020966.jpg,640,480,train2017
20971,000000020971.jpg,640,480,train2017
20972,000000020972.jpg,640,425,train2017
20979,000000020979.jpg,640,480,train2017
20983,000000020983.jpg,640,427,train2017
20987,000000020987.jpg,432,500,train2017
20997,000000020997.jpg,640,480,train2017
21001,000000021001.jpg,640,425,train2017
21003,000000021003.jpg,640,480,train2017
21020,000000021020.jpg,640,429,train2017
21023,000000021023.jpg,636,636,train2017
21029,000000021029.jpg,640,427,train2017
21036,000000021036.jpg,640,426,train2017
21046,000000021046.jpg,427,640,train2017
21048,000000021048.jpg,500,392,train2017
21049,000000021049.jpg,640,374,train2017
21051,000000021051.jpg,640,424,train2017
21060,000000021060.jpg,500,375,train2017
21061,000000021061.jpg,640,480,train2017
21070,000000021070.jpg,640,450,train2017
21075,000000021075.jpg,640,496,train2017
21076,000000021076.jpg,500,375,train2017
21079,000000021079.jpg,427,640,train2017
21083,000000021083.jpg,480,640,train2017
21084,000000021084.jpg,480,640,train2017
21088,000000021088.jpg,640,480,train2017
21089,000000021089.jpg,640,424,train2017
21095,000000021095.jpg,640,480,train2017
21097,000000021097.jpg,478,640,train2017
21126,000000021126.jpg,640,426,train2017
21136,000000021136.jpg,640,360,train2017
21138,000000021138.jpg,427,640,train2017
21143,000000021143.jpg,500,269,train2017
21147,000000021147.jpg,431,640,train2017
21151,000000021151.jpg,474,640,train2017
21152,000000021152.jpg,500,375,train2017
21161,000000021161.jpg,640,427,train2017
21164,000000021164.jpg,640,393,train2017
21166,000000021166.jpg,500,333,train2017
21169,000000021169.jpg,375,500,train2017
21175,000000021175.jpg,640,480,train2017
21181,000000021181.jpg,500,375,train2017
21183,000000021183.jpg,640,557,train2017
21190,000000021190.jpg,640,361,train2017
21194,000000021194.jpg,500,375,train2017
21197,000000021197.jpg,640,427,train2017
21198,000000021198.jpg,612,612,train2017
21202,000000021202.jpg,640,368,train2017
21204,000000021204.jpg,640,427,train2017
21206,000000021206.jpg,640,480,train2017
21212,000000021212.jpg,360,640,train2017
21213,000000021213.jpg,427,640,train2017
21215,000000021215.jpg,375,500,train2017
21217,000000021217.jpg,639,640,train2017
21222,000000021222.jpg,612,612,train2017
21223,000000021223.jpg,640,427,train2017
21232,000000021232.jpg,640,429,train2017
21235,000000021235.jpg,640,426,train2017
21240,000000021240.jpg,427,640,train2017
21246,000000021246.jpg,375,500,train2017
21248,000000021248.jpg,640,560,train2017
21253,000000021253.jpg,640,332,train2017
21254,000000021254.jpg,612,612,train2017
21257,000000021257.jpg,640,477,train2017
21260,000000021260.jpg,480,640,train2017
21268,000000021268.jpg,640,480,train2017
21269,000000021269.jpg,435,640,train2017
21276,000000021276.jpg,375,500,train2017
21280,000000021280.jpg,640,428,train2017
21281,000000021281.jpg,640,398,train2017
21284,000000021284.jpg,640,370,train2017
21285,000000021285.jpg,640,428,train2017
21286,000000021286.jpg,375,500,train2017
21292,000000021292.jpg,640,426,train2017
21294,000000021294.jpg,640,428,train2017
21310,000000021310.jpg,359,640,train2017
21313,000000021313.jpg,640,480,train2017
21316,000000021316.jpg,551,640,train2017
21320,000000021320.jpg,640,480,train2017
21327,000000021327.jpg,640,427,train2017
21329,000000021329.jpg,640,480,train2017
21330,000000021330.jpg,480,640,train2017
21338,000000021338.jpg,640,398,train2017
21343,000000021343.jpg,640,480,train2017
21345,000000021345.jpg,480,640,train2017
21346,000000021346.jpg,480,640,train2017
21353,000000021353.jpg,640,480,train2017
21361,000000021361.jpg,500,436,train2017
21364,000000021364.jpg,640,427,train2017
21365,000000021365.jpg,640,390,train2017
21374,000000021374.jpg,640,426,train2017
21378,000000021378.jpg,640,469,train2017
21382,000000021382.jpg,640,429,train2017
21383,000000021383.jpg,500,381,train2017
21384,000000021384.jpg,640,480,train2017
21387,000000021387.jpg,640,480,train2017
21394,000000021394.jpg,427,640,train2017
21396,000000021396.jpg,640,427,train2017
21397,000000021397.jpg,640,429,train2017
21400,000000021400.jpg,500,353,train2017
21404,000000021404.jpg,480,640,train2017
21408,000000021408.jpg,640,425,train2017
21417,000000021417.jpg,640,427,train2017
21419,000000021419.jpg,427,640,train2017
21423,000000021423.jpg,500,346,train2017
21435,000000021435.jpg,640,391,train2017
21443,000000021443.jpg,427,640,train2017
21447,000000021447.jpg,640,276,train2017
21451,000000021451.jpg,640,480,train2017
21452,000000021452.jpg,640,429,train2017
21459,000000021459.jpg,480,640,train2017
21462,000000021462.jpg,640,480,train2017
21469,000000021469.jpg,640,508,train2017
21470,000000021470.jpg,512,640,train2017
21475,000000021475.jpg,344,640,train2017
21483,000000021483.jpg,640,480,train2017
21496,000000021496.jpg,640,426,train2017
21497,000000021497.jpg,640,480,train2017
21498,000000021498.jpg,612,612,train2017
21500,000000021500.jpg,640,401,train2017
21504,000000021504.jpg,640,427,train2017
21510,000000021510.jpg,349,640,train2017
21514,000000021514.jpg,640,480,train2017
21528,000000021528.jpg,575,575,train2017
21531,000000021531.jpg,480,640,train2017
21534,000000021534.jpg,640,480,train2017
21535,000000021535.jpg,640,427,train2017
21544,000000021544.jpg,640,424,train2017
21551,000000021551.jpg,480,640,train2017
21553,000000021553.jpg,500,375,train2017
21563,000000021563.jpg,640,427,train2017
21564,000000021564.jpg,333,500,train2017
21566,000000021566.jpg,640,480,train2017
21569,000000021569.jpg,640,409,train2017
21571,000000021571.jpg,640,480,train2017
21587,000000021587.jpg,480,640,train2017
21588,000000021588.jpg,500,333,train2017
21592,000000021592.jpg,456,500,train2017
21595,000000021595.jpg,640,478,train2017
21599,000000021599.jpg,378,500,train2017
21613,000000021613.jpg,427,640,train2017
21614,000000021614.jpg,612,612,train2017
21622,000000021622.jpg,640,480,train2017
21632,000000021632.jpg,521,640,train2017
21639,000000021639.jpg,640,480,train2017
21641,000000021641.jpg,427,640,train2017
21644,000000021644.jpg,640,480,train2017
21645,000000021645.jpg,500,375,train2017
21647,000000021647.jpg,500,335,train2017
21650,000000021650.jpg,640,426,train2017
21662,000000021662.jpg,433,640,train2017
21671,000000021671.jpg,480,640,train2017
21674,000000021674.jpg,640,449,train2017
21676,000000021676.jpg,640,480,train2017
21678,000000021678.jpg,640,480,train2017
21685,000000021685.jpg,640,596,train2017
21686,000000021686.jpg,612,612,train2017
21688,000000021688.jpg,640,426,train2017
21693,000000021693.jpg,500,375,train2017
21698,000000021698.jpg,480,640,train2017
21711,000000021711.jpg,640,359,train2017
21717,000000021717.jpg,640,426,train2017
21718,000000021718.jpg,640,428,train2017
21740,000000021740.jpg,640,480,train2017
21746,000000021746.jpg,640,425,train2017
21747,000000021747.jpg,640,439,train2017
21750,000000021750.jpg,640,427,train2017
21751,000000021751.jpg,458,640,train2017
21764,000000021764.jpg,427,640,train2017
21772,000000021772.jpg,640,426,train2017
21776,000000021776.jpg,640,360,train2017
21779,000000021779.jpg,500,375,train2017
21780,000000021780.jpg,640,480,train2017
21782,000000021782.jpg,640,428,train2017
21786,000000021786.jpg,407,500,train2017
21795,000000021795.jpg,500,375,train2017
21796,000000021796.jpg,640,507,train2017
21801,000000021801.jpg,640,480,train2017
21811,000000021811.jpg,640,480,train2017
21826,000000021826.jpg,640,480,train2017
21830,000000021830.jpg,640,427,train2017
21846,000000021846.jpg,480,640,train2017
21864,000000021864.jpg,640,456,train2017
21868,000000021868.jpg,640,480,train2017
21872,000000021872.jpg,640,427,train2017
21883,000000021883.jpg,333,500,train2017
21889,000000021889.jpg,640,427,train2017
21895,000000021895.jpg,378,640,train2017
21900,000000021900.jpg,640,427,train2017
21902,000000021902.jpg,612,612,train2017
21905,000000021905.jpg,640,241,train2017
21915,000000021915.jpg,640,640,train2017
21919,000000021919.jpg,429,640,train2017
21921,000000021921.jpg,427,640,train2017
21924,000000021924.jpg,343,500,train2017
21926,000000021926.jpg,640,426,train2017
21931,000000021931.jpg,336,500,train2017
21942,000000021942.jpg,640,480,train2017
21945,000000021945.jpg,375,500,train2017
21963,000000021963.jpg,640,427,train2017
21964,000000021964.jpg,640,426,train2017
21968,000000021968.jpg,640,571,train2017
21969,000000021969.jpg,640,427,train2017
21971,000000021971.jpg,640,480,train2017
21972,000000021972.jpg,640,426,train2017
21979,000000021979.jpg,640,480,train2017
21981,000000021981.jpg,640,480,train2017
21983,000000021983.jpg,640,427,train2017
21989,000000021989.jpg,640,480,train2017
21991,000000021991.jpg,480,640,train2017
21993,000000021993.jpg,640,427,train2017
21994,000000021994.jpg,640,427,train2017
22002,000000022002.jpg,640,457,train2017
22004,000000022004.jpg,334,500,train2017
22008,000000022008.jpg,375,500,train2017
22012,000000022012.jpg,640,480,train2017
22014,000000022014.jpg,640,480,train2017
22026,000000022026.jpg,480,640,train2017
22032,000000022032.jpg,640,441,train2017
22041,000000022041.jpg,333,500,train2017
22044,000000022044.jpg,640,338,train2017
22048,000000022048.jpg,478,640,train2017
22051,000000022051.jpg,640,425,train2017
22056,000000022056.jpg,379,500,train2017
22059,000000022059.jpg,640,480,train2017
22071,000000022071.jpg,640,500,train2017
22072,000000022072.jpg,640,480,train2017
22080,000000022080.jpg,503,640,train2017
22085,000000022085.jpg,640,426,train2017
22086,000000022086.jpg,640,360,train2017
22087,000000022087.jpg,554,640,train2017
22090,000000022090.jpg,640,480,train2017
22097,000000022097.jpg,427,640,train2017
22098,000000022098.jpg,640,427,train2017
22102,000000022102.jpg,640,427,train2017
22103,000000022103.jpg,640,480,train2017
22104,000000022104.jpg,500,500,train2017
22112,000000022112.jpg,640,478,train2017
22113,000000022113.jpg,473,640,train2017
22116,000000022116.jpg,500,344,train2017
22118,000000022118.jpg,640,480,train2017
22123,000000022123.jpg,640,426,train2017
22129,000000022129.jpg,640,480,train2017
22135,000000022135.jpg,640,427,train2017
22142,000000022142.jpg,640,517,train2017
22145,000000022145.jpg,640,480,train2017
22149,000000022149.jpg,640,428,train2017
22150,000000022150.jpg,500,400,train2017
22154,000000022154.jpg,640,424,train2017
22158,000000022158.jpg,640,480,train2017
22164,000000022164.jpg,480,640,train2017
22166,000000022166.jpg,640,424,train2017
22167,000000022167.jpg,445,500,train2017
22168,000000022168.jpg,640,640,train2017
22174,000000022174.jpg,640,480,train2017
22176,000000022176.jpg,500,375,train2017
22178,000000022178.jpg,640,426,train2017
22180,000000022180.jpg,347,500,train2017
22191,000000022191.jpg,640,640,train2017
22193,000000022193.jpg,359,500,train2017
22194,000000022194.jpg,427,640,train2017
22195,000000022195.jpg,640,426,train2017
22196,000000022196.jpg,453,640,train2017
22198,000000022198.jpg,429,640,train2017
22199,000000022199.jpg,640,480,train2017
22208,000000022208.jpg,500,281,train2017
22213,000000022213.jpg,640,427,train2017
22215,000000022215.jpg,640,414,train2017
22218,000000022218.jpg,640,426,train2017
22222,000000022222.jpg,640,360,train2017
22223,000000022223.jpg,640,427,train2017
22224,000000022224.jpg,640,427,train2017
22226,000000022226.jpg,640,480,train2017
22228,000000022228.jpg,640,280,train2017
22229,000000022229.jpg,640,414,train2017
22230,000000022230.jpg,640,640,train2017
22236,000000022236.jpg,640,484,train2017
22240,000000022240.jpg,500,375,train2017
22256,000000022256.jpg,428,640,train2017
22257,000000022257.jpg,640,426,train2017
22265,000000022265.jpg,429,500,train2017
22268,000000022268.jpg,640,480,train2017
22270,000000022270.jpg,640,480,train2017
22271,000000022271.jpg,640,480,train2017
22274,000000022274.jpg,640,427,train2017
22275,000000022275.jpg,640,426,train2017
22278,000000022278.jpg,640,480,train2017
22281,000000022281.jpg,640,480,train2017
22287,000000022287.jpg,425,640,train2017
22291,000000022291.jpg,640,309,train2017
22298,000000022298.jpg,640,419,train2017
22304,000000022304.jpg,640,427,train2017
22309,000000022309.jpg,421,640,train2017
22324,000000022324.jpg,424,640,train2017
22326,000000022326.jpg,640,480,train2017
22340,000000022340.jpg,428,640,train2017
22341,000000022341.jpg,500,375,train2017
22355,000000022355.jpg,333,500,train2017
22360,000000022360.jpg,640,426,train2017
22367,000000022367.jpg,480,640,train2017
22374,000000022374.jpg,640,480,train2017
22377,000000022377.jpg,426,640,train2017
22382,000000022382.jpg,640,521,train2017
22403,000000022403.jpg,640,480,train2017
22409,000000022409.jpg,640,500,train2017
22411,000000022411.jpg,640,480,train2017
22415,000000022415.jpg,640,427,train2017
22420,000000022420.jpg,640,480,train2017
22423,000000022423.jpg,333,500,train2017
22427,000000022427.jpg,427,640,train2017
22429,000000022429.jpg,480,640,train2017
22432,000000022432.jpg,640,426,train2017
22440,000000022440.jpg,640,480,train2017
22446,000000022446.jpg,640,480,train2017
22447,000000022447.jpg,640,391,train2017
22448,000000022448.jpg,264,500,train2017
22451,000000022451.jpg,500,375,train2017
22456,000000022456.jpg,640,480,train2017
22461,000000022461.jpg,640,640,train2017
22462,000000022462.jpg,640,427,train2017
22474,000000022474.jpg,640,480,train2017
22478,000000022478.jpg,640,427,train2017
22482,000000022482.jpg,640,398,train2017
22484,000000022484.jpg,640,480,train2017
22487,000000022487.jpg,640,480,train2017
22488,000000022488.jpg,640,400,train2017
22492,000000022492.jpg,480,640,train2017
22498,000000022498.jpg,457,640,train2017
22500,000000022500.jpg,640,425,train2017
22501,000000022501.jpg,500,375,train2017
22518,000000022518.jpg,499,640,train2017
22525,000000022525.jpg,640,360,train2017
22526,000000022526.jpg,500,375,train2017
22529,000000022529.jpg,640,480,train2017
22530,000000022530.jpg,426,640,train2017
22536,000000022536.jpg,640,480,train2017
22545,000000022545.jpg,504,640,train2017
22559,000000022559.jpg,333,500,train2017
22563,000000022563.jpg,426,640,train2017
22564,000000022564.jpg,640,480,train2017
22575,000000022575.jpg,500,375,train2017
22578,000000022578.jpg,640,427,train2017
22582,000000022582.jpg,640,480,train2017
22593,000000022593.jpg,480,640,train2017
22596,000000022596.jpg,640,480,train2017
22599,000000022599.jpg,500,375,train2017
22612,000000022612.jpg,640,429,train2017
22621,000000022621.jpg,480,640,train2017
22624,000000022624.jpg,335,500,train2017
22626,000000022626.jpg,427,640,train2017
22627,000000022627.jpg,478,640,train2017
22628,000000022628.jpg,640,424,train2017
22636,000000022636.jpg,640,427,train2017
22646,000000022646.jpg,640,423,train2017
22649,000000022649.jpg,640,480,train2017
22650,000000022650.jpg,640,480,train2017
22651,000000022651.jpg,640,480,train2017
22652,000000022652.jpg,640,427,train2017
22656,000000022656.jpg,480,640,train2017
22658,000000022658.jpg,640,480,train2017
22660,000000022660.jpg,640,427,train2017
22667,000000022667.jpg,500,160,train2017
22671,000000022671.jpg,640,480,train2017
22675,000000022675.jpg,640,427,train2017
22680,000000022680.jpg,640,427,train2017
22683,000000022683.jpg,640,427,train2017
22689,000000022689.jpg,500,375,train2017
22690,000000022690.jpg,640,478,train2017
22691,000000022691.jpg,500,400,train2017
22696,000000022696.jpg,640,480,train2017
22704,000000022704.jpg,500,333,train2017
22708,000000022708.jpg,500,375,train2017
22710,000000022710.jpg,480,640,train2017
22718,000000022718.jpg,640,320,train2017
22719,000000022719.jpg,427,640,train2017
22724,000000022724.jpg,640,480,train2017
22726,000000022726.jpg,640,451,train2017
22729,000000022729.jpg,640,336,train2017
22740,000000022740.jpg,500,395,train2017
22741,000000022741.jpg,640,301,train2017
22747,000000022747.jpg,375,500,train2017
22757,000000022757.jpg,640,426,train2017
22759,000000022759.jpg,640,480,train2017
22767,000000022767.jpg,500,375,train2017
22775,000000022775.jpg,640,429,train2017
22777,000000022777.jpg,404,640,train2017
22793,000000022793.jpg,640,480,train2017
22796,000000022796.jpg,640,480,train2017
22797,000000022797.jpg,640,427,train2017
22799,000000022799.jpg,640,640,train2017
22801,000000022801.jpg,427,640,train2017
22802,000000022802.jpg,427,640,train2017
22806,000000022806.jpg,640,427,train2017
22811,000000022811.jpg,500,335,train2017
22815,000000022815.jpg,640,458,train2017
22816,000000022816.jpg,480,640,train2017
22819,000000022819.jpg,640,213,train2017
22827,000000022827.jpg,426,640,train2017
22834,000000022834.jpg,640,640,train2017
22837,000000022837.jpg,612,612,train2017
22838,000000022838.jpg,640,575,train2017
22842,000000022842.jpg,640,469,train2017
22850,000000022850.jpg,640,457,train2017
22854,000000022854.jpg,638,640,train2017
22857,000000022857.jpg,640,424,train2017
22861,000000022861.jpg,640,480,train2017
22863,000000022863.jpg,640,478,train2017
22870,000000022870.jpg,640,610,train2017
22871,000000022871.jpg,640,480,train2017
22874,000000022874.jpg,640,425,train2017
22879,000000022879.jpg,640,480,train2017
22880,000000022880.jpg,425,640,train2017
22882,000000022882.jpg,428,640,train2017
22890,000000022890.jpg,612,612,train2017
22894,000000022894.jpg,427,640,train2017
22899,000000022899.jpg,500,336,train2017
22907,000000022907.jpg,640,424,train2017
22924,000000022924.jpg,640,508,train2017
22926,000000022926.jpg,640,551,train2017
22928,000000022928.jpg,300,176,train2017
22929,000000022929.jpg,541,640,train2017
22940,000000022940.jpg,640,426,train2017
22949,000000022949.jpg,640,480,train2017
22951,000000022951.jpg,612,612,train2017
22953,000000022953.jpg,640,478,train2017
22954,000000022954.jpg,640,427,train2017
22958,000000022958.jpg,640,428,train2017
22962,000000022962.jpg,640,480,train2017
22963,000000022963.jpg,428,640,train2017
22964,000000022964.jpg,640,449,train2017
22974,000000022974.jpg,640,438,train2017
22979,000000022979.jpg,610,640,train2017
22983,000000022983.jpg,640,425,train2017
22987,000000022987.jpg,640,427,train2017
23000,000000023000.jpg,500,375,train2017
23004,000000023004.jpg,640,424,train2017
23014,000000023014.jpg,578,640,train2017
23015,000000023015.jpg,640,480,train2017
23017,000000023017.jpg,333,500,train2017
23019,000000023019.jpg,640,428,train2017
23024,000000023024.jpg,640,279,train2017
23025,000000023025.jpg,640,480,train2017
23033,000000023033.jpg,640,499,train2017
23035,000000023035.jpg,640,480,train2017
23038,000000023038.jpg,640,427,train2017
23047,000000023047.jpg,640,427,train2017
23050,000000023050.jpg,426,640,train2017
23051,000000023051.jpg,427,640,train2017
23054,000000023054.jpg,640,427,train2017
23066,000000023066.jpg,640,429,train2017
23072,000000023072.jpg,427,640,train2017
23084,000000023084.jpg,375,500,train2017
23089,000000023089.jpg,640,480,train2017
23093,000000023093.jpg,640,480,train2017
23094,000000023094.jpg,640,544,train2017
23096,000000023096.jpg,480,640,train2017
23098,000000023098.jpg,640,480,train2017
23100,000000023100.jpg,640,482,train2017
23102,000000023102.jpg,640,193,train2017
23107,000000023107.jpg,640,480,train2017
23108,000000023108.jpg,640,538,train2017
23117,000000023117.jpg,483,640,train2017
23121,000000023121.jpg,640,480,train2017
23127,000000023127.jpg,640,480,train2017
23134,000000023134.jpg,418,339,train2017
23137,000000023137.jpg,640,480,train2017
23140,000000023140.jpg,640,427,train2017
23141,000000023141.jpg,480,640,train2017
23158,000000023158.jpg,640,427,train2017
23162,000000023162.jpg,640,427,train2017
23163,000000023163.jpg,640,427,train2017
23173,000000023173.jpg,640,436,train2017
23176,000000023176.jpg,612,612,train2017
23177,000000023177.jpg,640,427,train2017
23194,000000023194.jpg,640,480,train2017
23199,000000023199.jpg,480,640,train2017
23200,000000023200.jpg,640,423,train2017
23201,000000023201.jpg,640,480,train2017
23203,000000023203.jpg,640,427,train2017
23218,000000023218.jpg,426,640,train2017
23219,000000023219.jpg,640,426,train2017
23245,000000023245.jpg,500,375,train2017
23247,000000023247.jpg,480,640,train2017
23249,000000023249.jpg,640,426,train2017
23250,000000023250.jpg,427,640,train2017
23251,000000023251.jpg,468,640,train2017
23253,000000023253.jpg,640,428,train2017
23255,000000023255.jpg,500,333,train2017
23258,000000023258.jpg,640,480,train2017
23270,000000023270.jpg,640,480,train2017
23274,000000023274.jpg,640,480,train2017
23275,000000023275.jpg,640,426,train2017
23280,000000023280.jpg,612,612,train2017
23283,000000023283.jpg,640,426,train2017
23287,000000023287.jpg,640,426,train2017
23294,000000023294.jpg,640,427,train2017
23298,000000023298.jpg,640,427,train2017
23301,000000023301.jpg,640,426,train2017
23309,000000023309.jpg,500,362,train2017
23311,000000023311.jpg,407,640,train2017
23315,000000023315.jpg,640,480,train2017
23320,000000023320.jpg,640,480,train2017
23343,000000023343.jpg,640,480,train2017
23351,000000023351.jpg,240,320,train2017
23355,000000023355.jpg,640,428,train2017
23357,000000023357.jpg,427,640,train2017
23361,000000023361.jpg,480,640,train2017
23363,000000023363.jpg,640,467,train2017
23368,000000023368.jpg,640,481,train2017
23369,000000023369.jpg,480,640,train2017
23378,000000023378.jpg,640,480,train2017
23380,000000023380.jpg,640,480,train2017
23387,000000023387.jpg,360,640,train2017
23392,000000023392.jpg,640,497,train2017
23395,000000023395.jpg,640,480,train2017
23400,000000023400.jpg,612,612,train2017
23405,000000023405.jpg,640,427,train2017
23406,000000023406.jpg,425,640,train2017
23411,000000023411.jpg,640,427,train2017
23413,000000023413.jpg,640,427,train2017
23415,000000023415.jpg,640,497,train2017
23419,000000023419.jpg,640,480,train2017
23420,000000023420.jpg,640,640,train2017
23424,000000023424.jpg,640,480,train2017
23429,000000023429.jpg,375,500,train2017
23433,000000023433.jpg,640,427,train2017
23434,000000023434.jpg,640,480,train2017
23440,000000023440.jpg,640,460,train2017
23444,000000023444.jpg,640,427,train2017
23446,000000023446.jpg,500,375,train2017
23447,000000023447.jpg,640,413,train2017
23448,000000023448.jpg,500,333,train2017
23450,000000023450.jpg,640,427,train2017
23451,000000023451.jpg,640,424,train2017
23479,000000023479.jpg,480,640,train2017
23480,000000023480.jpg,480,640,train2017
23487,000000023487.jpg,500,384,train2017
23489,000000023489.jpg,640,427,train2017
23501,000000023501.jpg,500,375,train2017
23511,000000023511.jpg,480,640,train2017
23538,000000023538.jpg,640,428,train2017
23539,000000023539.jpg,640,480,train2017
23541,000000023541.jpg,500,375,train2017
23542,000000023542.jpg,500,375,train2017
23544,000000023544.jpg,640,427,train2017
23546,000000023546.jpg,500,375,train2017
23548,000000023548.jpg,640,480,train2017
23551,000000023551.jpg,640,427,train2017
23569,000000023569.jpg,480,640,train2017
23570,000000023570.jpg,640,427,train2017
23575,000000023575.jpg,400,300,train2017
23579,000000023579.jpg,640,480,train2017
23584,000000023584.jpg,640,426,train2017
23585,000000023585.jpg,640,254,train2017
23587,000000023587.jpg,375,500,train2017
23588,000000023588.jpg,640,480,train2017
23591,000000023591.jpg,640,467,train2017
23594,000000023594.jpg,640,427,train2017
23603,000000023603.jpg,640,359,train2017
23623,000000023623.jpg,640,480,train2017
23630,000000023630.jpg,640,360,train2017
23631,000000023631.jpg,640,427,train2017
23639,000000023639.jpg,640,480,train2017
23641,000000023641.jpg,326,500,train2017
23648,000000023648.jpg,640,479,train2017
23656,000000023656.jpg,640,427,train2017
23660,000000023660.jpg,464,640,train2017
23671,000000023671.jpg,640,427,train2017
23673,000000023673.jpg,640,471,train2017
23676,000000023676.jpg,494,640,train2017
23677,000000023677.jpg,640,411,train2017
23679,000000023679.jpg,640,480,train2017
23686,000000023686.jpg,640,373,train2017
23687,000000023687.jpg,640,425,train2017
23695,000000023695.jpg,480,640,train2017
23696,000000023696.jpg,640,640,train2017
23699,000000023699.jpg,640,480,train2017
23702,000000023702.jpg,640,427,train2017
23703,000000023703.jpg,640,365,train2017
23709,000000023709.jpg,427,640,train2017
23718,000000023718.jpg,421,640,train2017
23723,000000023723.jpg,640,427,train2017
23729,000000023729.jpg,640,480,train2017
23731,000000023731.jpg,383,640,train2017
23735,000000023735.jpg,612,612,train2017
23737,000000023737.jpg,333,500,train2017
23741,000000023741.jpg,640,427,train2017
23743,000000023743.jpg,640,427,train2017
23746,000000023746.jpg,500,333,train2017
23754,000000023754.jpg,640,427,train2017
23759,000000023759.jpg,360,640,train2017
23760,000000023760.jpg,640,480,train2017
23774,000000023774.jpg,640,378,train2017
23779,000000023779.jpg,640,480,train2017
23786,000000023786.jpg,640,359,train2017
23793,000000023793.jpg,640,387,train2017
23797,000000023797.jpg,640,453,train2017
23802,000000023802.jpg,640,478,train2017
23803,000000023803.jpg,612,612,train2017
23807,000000023807.jpg,640,480,train2017
23811,000000023811.jpg,640,360,train2017
23812,000000023812.jpg,640,586,train2017
23815,000000023815.jpg,500,375,train2017
23821,000000023821.jpg,640,444,train2017
23840,000000023840.jpg,640,427,train2017
23874,000000023874.jpg,640,480,train2017
23875,000000023875.jpg,640,428,train2017
23879,000000023879.jpg,500,333,train2017
23893,000000023893.jpg,375,500,train2017
23895,000000023895.jpg,640,427,train2017
23906,000000023906.jpg,640,426,train2017
23908,000000023908.jpg,640,480,train2017
23914,000000023914.jpg,640,480,train2017
23917,000000023917.jpg,640,428,train2017
23919,000000023919.jpg,375,500,train2017
23927,000000023927.jpg,462,640,train2017
23929,000000023929.jpg,640,427,train2017
23935,000000023935.jpg,567,640,train2017
23949,000000023949.jpg,596,440,train2017
23951,000000023951.jpg,449,640,train2017
23954,000000023954.jpg,640,480,train2017
23957,000000023957.jpg,640,480,train2017
23967,000000023967.jpg,480,640,train2017
23976,000000023976.jpg,640,483,train2017
23981,000000023981.jpg,640,480,train2017
23982,000000023982.jpg,640,426,train2017
23984,000000023984.jpg,457,640,train2017
23986,000000023986.jpg,512,640,train2017
23988,000000023988.jpg,427,640,train2017
23991,000000023991.jpg,640,428,train2017
23995,000000023995.jpg,640,424,train2017
23996,000000023996.jpg,640,438,train2017
23998,000000023998.jpg,471,640,train2017
24002,000000024002.jpg,640,480,train2017
24019,000000024019.jpg,425,640,train2017
24020,000000024020.jpg,640,427,train2017
24023,000000024023.jpg,480,640,train2017
24026,000000024026.jpg,640,427,train2017
24030,000000024030.jpg,640,480,train2017
24032,000000024032.jpg,640,480,train2017
24036,000000024036.jpg,333,500,train2017
24038,000000024038.jpg,480,640,train2017
24040,000000024040.jpg,640,398,train2017
24042,000000024042.jpg,640,480,train2017
24045,000000024045.jpg,640,480,train2017
24053,000000024053.jpg,640,480,train2017
24061,000000024061.jpg,640,480,train2017
24072,000000024072.jpg,640,480,train2017
24073,000000024073.jpg,500,375,train2017
24076,000000024076.jpg,640,427,train2017
24081,000000024081.jpg,640,480,train2017
24086,000000024086.jpg,640,417,train2017
24091,000000024091.jpg,427,640,train2017
24095,000000024095.jpg,500,375,train2017
24097,000000024097.jpg,511,640,train2017
24100,000000024100.jpg,375,500,train2017
24103,000000024103.jpg,640,429,train2017
24104,000000024104.jpg,640,480,train2017
24105,000000024105.jpg,640,480,train2017
24106,000000024106.jpg,640,411,train2017
24107,000000024107.jpg,640,480,train2017
24112,000000024112.jpg,640,480,train2017
24125,000000024125.jpg,640,640,train2017
24129,000000024129.jpg,640,480,train2017
24132,000000024132.jpg,640,480,train2017
24133,000000024133.jpg,640,360,train2017
24136,000000024136.jpg,480,640,train2017
24149,000000024149.jpg,640,427,train2017
24150,000000024150.jpg,640,309,train2017
24154,000000024154.jpg,640,480,train2017
24157,000000024157.jpg,500,333,train2017
24159,000000024159.jpg,480,640,train2017
24169,000000024169.jpg,640,424,train2017
24175,000000024175.jpg,426,640,train2017
24181,000000024181.jpg,426,640,train2017
24189,000000024189.jpg,640,425,train2017
24193,000000024193.jpg,640,481,train2017
24195,000000024195.jpg,640,428,train2017
24197,000000024197.jpg,640,360,train2017
24204,000000024204.jpg,500,375,train2017
24207,000000024207.jpg,640,478,train2017
24215,000000024215.jpg,640,427,train2017
24221,000000024221.jpg,612,612,train2017
24223,000000024223.jpg,640,480,train2017
24231,000000024231.jpg,640,480,train2017
24234,000000024234.jpg,240,180,train2017
24238,000000024238.jpg,640,478,train2017
24239,000000024239.jpg,640,426,train2017
24242,000000024242.jpg,640,427,train2017
24247,000000024247.jpg,480,640,train2017
24253,000000024253.jpg,348,500,train2017
24257,000000024257.jpg,640,640,train2017
24259,000000024259.jpg,640,589,train2017
24260,000000024260.jpg,640,389,train2017
24264,000000024264.jpg,640,480,train2017
24266,000000024266.jpg,500,375,train2017
24285,000000024285.jpg,427,640,train2017
24287,000000024287.jpg,640,427,train2017
24289,000000024289.jpg,640,444,train2017
24290,000000024290.jpg,640,350,train2017
24294,000000024294.jpg,480,640,train2017
24296,000000024296.jpg,640,427,train2017
24299,000000024299.jpg,640,480,train2017
24305,000000024305.jpg,427,640,train2017
24307,000000024307.jpg,612,612,train2017
24310,000000024310.jpg,480,640,train2017
24319,000000024319.jpg,640,480,train2017
24323,000000024323.jpg,376,500,train2017
24343,000000024343.jpg,425,640,train2017
24351,000000024351.jpg,640,480,train2017
24352,000000024352.jpg,640,428,train2017
24368,000000024368.jpg,640,427,train2017
24371,000000024371.jpg,480,640,train2017
24372,000000024372.jpg,640,425,train2017
24375,000000024375.jpg,640,428,train2017
24380,000000024380.jpg,640,426,train2017
24385,000000024385.jpg,500,375,train2017
24386,000000024386.jpg,500,375,train2017
24391,000000024391.jpg,500,333,train2017
24393,000000024393.jpg,640,424,train2017
24396,000000024396.jpg,640,480,train2017
24401,000000024401.jpg,640,480,train2017
24402,000000024402.jpg,640,478,train2017
24403,000000024403.jpg,640,480,train2017
24404,000000024404.jpg,500,375,train2017
24411,000000024411.jpg,640,480,train2017
24414,000000024414.jpg,640,427,train2017
24416,000000024416.jpg,640,427,train2017
24428,000000024428.jpg,427,640,train2017
24430,000000024430.jpg,640,427,train2017
24433,000000024433.jpg,375,500,train2017
24434,000000024434.jpg,334,500,train2017
24436,000000024436.jpg,640,480,train2017
24446,000000024446.jpg,640,424,train2017
24450,000000024450.jpg,500,346,train2017
24454,000000024454.jpg,640,427,train2017
24457,000000024457.jpg,640,429,train2017
24458,000000024458.jpg,640,480,train2017
24480,000000024480.jpg,640,496,train2017
24489,000000024489.jpg,640,434,train2017
24497,000000024497.jpg,640,428,train2017
24498,000000024498.jpg,500,375,train2017
24499,000000024499.jpg,640,426,train2017
24507,000000024507.jpg,640,426,train2017
24515,000000024515.jpg,500,439,train2017
24516,000000024516.jpg,640,427,train2017
24518,000000024518.jpg,375,500,train2017
24520,000000024520.jpg,640,480,train2017
24522,000000024522.jpg,640,466,train2017
24530,000000024530.jpg,500,500,train2017
24536,000000024536.jpg,640,428,train2017
24547,000000024547.jpg,426,640,train2017
24551,000000024551.jpg,640,554,train2017
24552,000000024552.jpg,640,478,train2017
24553,000000024553.jpg,640,480,train2017
24554,000000024554.jpg,640,427,train2017
24560,000000024560.jpg,640,480,train2017
24563,000000024563.jpg,458,640,train2017
24566,000000024566.jpg,640,480,train2017
24571,000000024571.jpg,640,480,train2017
24577,000000024577.jpg,600,593,train2017
24582,000000024582.jpg,413,640,train2017
24585,000000024585.jpg,640,432,train2017
24591,000000024591.jpg,640,480,train2017
24600,000000024600.jpg,640,427,train2017
24601,000000024601.jpg,500,375,train2017
24608,000000024608.jpg,640,481,train2017
24609,000000024609.jpg,640,480,train2017
